customer_id,name,email,phone,tenure,monthly_charges,total_charges,contract,internet_service,payment_method,tech_support,online_security,churn
C10001,Customer 10001,customer10001@example.com,+91-9000010000,7,34.98,232.06,Month-to-month,Fiber optic,Credit card,No,No,1
C10002,Customer 10002,customer10002@example.com,+91-9000010001,56,35.74,2065.89,Month-to-month,DSL,Bank transfer,No,No,0
C10003,Customer 10003,customer10003@example.com,+91-9000010002,48,36.53,1742.31,Month-to-month,Fiber optic,Credit card,Yes,No,0
C10004,Customer 10004,customer10004@example.com,+91-9000010003,32,86.96,2591.58,One year,Fiber optic,Credit card,Yes,Yes,0
C10005,Customer 10005,customer10005@example.com,+91-9000010004,32,37.2,1128.95,Month-to-month,No,Electronic check,No,Yes,0
C10006,Customer 10006,customer10006@example.com,+91-9000010005,62,110.24,6442.32,Month-to-month,No,Electronic check,Yes,No,1
C10007,Customer 10007,customer10007@example.com,+91-9000010006,7,100.43,716.48,Month-to-month,Fiber optic,Electronic check,Yes,No,0
C10008,Customer 10008,customer10008@example.com,+91-9000010007,51,106.98,5095.73,Month-to-month,DSL,Electronic check,No,No,1
C10009,Customer 10009,customer10009@example.com,+91-9000010008,15,77.61,1224.32,Two year,Fiber optic,Bank transfer,No,Yes,0
C10010,Customer 10010,customer10010@example.com,+91-9000010009,7,124.67,915.51,Month-to-month,DSL,Electronic check,Yes,No,0
C10011,Customer 10011,customer10011@example.com,+91-9000010010,38,29.42,1042.84,Two year,No,Bank transfer,No,No,0
C10012,Customer 10012,customer10012@example.com,+91-9000010011,71,65.13,4911.45,Month-to-month,DSL,Electronic check,No,No,1
C10013,Customer 10013,customer10013@example.com,+91-9000010012,53,57.39,3265.13,Month-to-month,DSL,Electronic check,No,Yes,0
C10014,Customer 10014,customer10014@example.com,+91-9000010013,55,119.86,6110.76,Month-to-month,Fiber optic,Credit card,Yes,Yes,0
C10015,Customer 10015,customer10015@example.com,+91-9000010014,52,82.69,4609.7,Month-to-month,Fiber optic,Bank transfer,Yes,No,1
C10016,Customer 10016,customer10016@example.com,+91-9000010015,57,105.62,5807.91,One year,Fiber optic,Bank transfer,Yes,No,0
C10017,Customer 10017,customer10017@example.com,+91-9000010016,37,42.03,1596.11,Month-to-month,DSL,Credit card,No,No,0
C10018,Customer 10018,customer10018@example.com,+91-9000010017,10,122.86,1164.68,Month-to-month,Fiber optic,Mailed check,No,Yes,0
C10019,Customer 10019,customer10019@example.com,+91-9000010018,61,74.86,4798.4,One year,DSL,Bank transfer,Yes,Yes,0
C10020,Customer 10020,customer10020@example.com,+91-9000010019,33,74.37,2588.47,One year,DSL,Electronic check,Yes,Yes,1
C10021,Customer 10021,customer10021@example.com,+91-9000010020,37,122.09,4863.06,Two year,Fiber optic,Electronic check,Yes,No,0
C10022,Customer 10022,customer10022@example.com,+91-9000010021,27,63.07,1837.09,Two year,DSL,Mailed check,Yes,Yes,0
C10023,Customer 10023,customer10023@example.com,+91-9000010022,14,64.75,844.98,One year,Fiber optic,Credit card,No,No,1
C10024,Customer 10024,customer10024@example.com,+91-9000010023,67,83.48,5734.52,Two year,DSL,Credit card,Yes,No,0
C10025,Customer 10025,customer10025@example.com,+91-9000010024,57,37.81,2076.91,One year,DSL,Credit card,Yes,No,0
C10026,Customer 10026,customer10026@example.com,+91-9000010025,47,57.11,2523.37,Month-to-month,Fiber optic,Electronic check,No,Yes,0
C10027,Customer 10027,customer10027@example.com,+91-9000010026,29,44.32,1213.06,One year,DSL,Bank transfer,Yes,No,0
C10028,Customer 10028,customer10028@example.com,+91-9000010027,60,35.33,2267.83,Month-to-month,Fiber optic,Credit card,Yes,No,1
C10029,Customer 10029,customer10029@example.com,+91-9000010028,40,111.61,4595.58,One year,Fiber optic,Credit card,No,Yes,0
C10030,Customer 10030,customer10030@example.com,+91-9000010029,32,83.93,2492.58,Two year,DSL,Electronic check,Yes,No,1
C10031,Customer 10031,customer10031@example.com,+91-9000010030,33,60.87,2164.34,Month-to-month,Fiber optic,Bank transfer,Yes,Yes,0
C10032,Customer 10032,customer10032@example.com,+91-9000010031,17,65.87,1174.94,Two year,DSL,Electronic check,No,No,0
C10033,Customer 10033,customer10033@example.com,+91-9000010032,7,68.15,462.49,Two year,Fiber optic,Mailed check,No,No,0
C10034,Customer 10034,customer10034@example.com,+91-9000010033,40,88.31,3515.93,Month-to-month,DSL,Electronic check,Yes,Yes,0
C10035,Customer 10035,customer10035@example.com,+91-9000010034,64,117.68,7804.55,Month-to-month,Fiber optic,Credit card,No,No,1
C10036,Customer 10036,customer10036@example.com,+91-9000010035,5,118.28,608.06,Two year,Fiber optic,Electronic check,Yes,No,1
C10037,Customer 10037,customer10037@example.com,+91-9000010036,62,64.15,3953.81,Two year,Fiber optic,Bank transfer,No,No,0
C10038,Customer 10038,customer10038@example.com,+91-9000010037,60,57.93,3482.69,Month-to-month,No,Bank transfer,No,Yes,1
C10039,Customer 10039,customer10039@example.com,+91-9000010038,20,70.1,1299.53,Month-to-month,DSL,Electronic check,No,Yes,0
C10040,Customer 10040,customer10040@example.com,+91-9000010039,46,81.79,3762.72,One year,No,Credit card,Yes,No,0
C10041,Customer 10041,customer10041@example.com,+91-9000010040,12,71.18,832.33,Month-to-month,Fiber optic,Mailed check,No,No,1
C10042,Customer 10042,customer10042@example.com,+91-9000010041,55,90.88,4826.5,Month-to-month,No,Credit card,No,No,0
C10043,Customer 10043,customer10043@example.com,+91-9000010042,51,80.44,3951.22,Month-to-month,No,Electronic check,Yes,Yes,0
C10044,Customer 10044,customer10044@example.com,+91-9000010043,26,57.07,1519.18,Month-to-month,No,Credit card,No,No,1
C10045,Customer 10045,customer10045@example.com,+91-9000010044,5,59.57,294.48,One year,DSL,Bank transfer,No,Yes,0
C10046,Customer 10046,customer10046@example.com,+91-9000010045,70,62.86,4347.96,One year,Fiber optic,Bank transfer,No,No,0
C10047,Customer 10047,customer10047@example.com,+91-9000010046,33,34.46,1075.17,One year,Fiber optic,Bank transfer,No,Yes,0
C10048,Customer 10048,customer10048@example.com,+91-9000010047,65,41.61,2904.52,One year,Fiber optic,Bank transfer,No,Yes,0
C10049,Customer 10049,customer10049@example.com,+91-9000010048,49,97.31,4557.57,Month-to-month,DSL,Electronic check,No,Yes,1
C10050,Customer 10050,customer10050@example.com,+91-9000010049,57,63.91,3588.14,Month-to-month,No,Bank transfer,No,No,0
C10051,Customer 10051,customer10051@example.com,+91-9000010050,55,46.45,2428.12,Month-to-month,DSL,Electronic check,No,Yes,1
C10052,Customer 10052,customer10052@example.com,+91-9000010051,15,81.27,1258.67,Month-to-month,Fiber optic,Electronic check,No,No,1
C10053,Customer 10053,customer10053@example.com,+91-9000010052,27,100.55,2687.11,Month-to-month,Fiber optic,Electronic check,No,Yes,1
C10054,Customer 10054,customer10054@example.com,+91-9000010053,34,50.74,1701.33,Month-to-month,DSL,Electronic check,No,No,1
C10055,Customer 10055,customer10055@example.com,+91-9000010054,36,107.68,4109.13,Month-to-month,Fiber optic,Credit card,No,No,0
C10056,Customer 10056,customer10056@example.com,+91-9000010055,4,117.75,490.55,Month-to-month,DSL,Bank transfer,No,Yes,1
C10057,Customer 10057,customer10057@example.com,+91-9000010056,40,84.74,3400.38,One year,Fiber optic,Electronic check,Yes,Yes,1
C10058,Customer 10058,customer10058@example.com,+91-9000010057,12,91.89,1097.14,One year,Fiber optic,Credit card,No,Yes,1
C10059,Customer 10059,customer10059@example.com,+91-9000010058,54,30.26,1754.28,Two year,DSL,Mailed check,Yes,No,0
C10060,Customer 10060,customer10060@example.com,+91-9000010059,50,119.55,6414.06,One year,Fiber optic,Mailed check,Yes,No,0
C10061,Customer 10061,customer10061@example.com,+91-9000010060,67,64.25,4445.79,One year,DSL,Credit card,No,Yes,0
C10062,Customer 10062,customer10062@example.com,+91-9000010061,54,117.39,6602.91,Month-to-month,Fiber optic,Mailed check,No,No,1
C10063,Customer 10063,customer10063@example.com,+91-9000010062,27,82.9,2381.23,One year,No,Bank transfer,No,No,0
C10064,Customer 10064,customer10064@example.com,+91-9000010063,70,25.46,1914.6,Month-to-month,DSL,Mailed check,Yes,No,0
C10065,Customer 10065,customer10065@example.com,+91-9000010064,30,28.85,807.65,Month-to-month,Fiber optic,Mailed check,Yes,No,1
C10066,Customer 10066,customer10066@example.com,+91-9000010065,24,93.04,2410.65,Month-to-month,Fiber optic,Electronic check,Yes,No,1
C10067,Customer 10067,customer10067@example.com,+91-9000010066,66,81.27,5538.06,Month-to-month,Fiber optic,Credit card,Yes,No,0
C10068,Customer 10068,customer10068@example.com,+91-9000010067,27,27.65,757.63,Month-to-month,Fiber optic,Credit card,Yes,No,0
C10069,Customer 10069,customer10069@example.com,+91-9000010068,6,99.35,587.82,One year,Fiber optic,Credit card,No,Yes,0
C10070,Customer 10070,customer10070@example.com,+91-9000010069,34,110.21,3649.05,Two year,Fiber optic,Mailed check,Yes,No,0
C10071,Customer 10071,customer10071@example.com,+91-9000010070,58,74.64,4539.83,One year,DSL,Bank transfer,No,No,0
C10072,Customer 10072,customer10072@example.com,+91-9000010071,14,71.58,1026.88,One year,Fiber optic,Bank transfer,Yes,No,1
C10073,Customer 10073,customer10073@example.com,+91-9000010072,34,25.55,827.1,Month-to-month,No,Bank transfer,No,Yes,1
C10074,Customer 10074,customer10074@example.com,+91-9000010073,10,103.66,1054.83,Month-to-month,DSL,Credit card,No,No,1
C10075,Customer 10075,customer10075@example.com,+91-9000010074,50,58.07,2736.8,One year,Fiber optic,Credit card,Yes,Yes,0
C10076,Customer 10076,customer10076@example.com,+91-9000010075,35,112.88,3948.82,Month-to-month,DSL,Credit card,Yes,No,1
C10077,Customer 10077,customer10077@example.com,+91-9000010076,24,62.31,1515.41,Month-to-month,Fiber optic,Credit card,No,Yes,1
C10078,Customer 10078,customer10078@example.com,+91-9000010077,17,81.51,1415.75,Month-to-month,Fiber optic,Mailed check,Yes,No,0
C10079,Customer 10079,customer10079@example.com,+91-9000010078,41,52.03,2012.15,Two year,Fiber optic,Electronic check,No,No,0
C10080,Customer 10080,customer10080@example.com,+91-9000010079,49,41.06,1881.76,One year,DSL,Mailed check,No,Yes,0
C10081,Customer 10081,customer10081@example.com,+91-9000010080,68,102.49,6700.26,Month-to-month,Fiber optic,Electronic check,No,Yes,1
C10082,Customer 10082,customer10082@example.com,+91-9000010081,32,74.66,2430.03,One year,No,Bank transfer,No,Yes,0
C10083,Customer 10083,customer10083@example.com,+91-9000010082,12,78.65,1008.99,Month-to-month,Fiber optic,Electronic check,No,No,1
C10084,Customer 10084,customer10084@example.com,+91-9000010083,60,121.54,7618.08,Month-to-month,Fiber optic,Bank transfer,No,No,1
C10085,Customer 10085,customer10085@example.com,+91-9000010084,46,121.36,5802.03,Month-to-month,Fiber optic,Bank transfer,Yes,No,0
C10086,Customer 10086,customer10086@example.com,+91-9000010085,51,110.56,5485.4,Month-to-month,Fiber optic,Electronic check,Yes,No,0
C10087,Customer 10087,customer10087@example.com,+91-9000010086,8,43.76,328.33,One year,Fiber optic,Bank transfer,Yes,No,0
C10088,Customer 10088,customer10088@example.com,+91-9000010087,23,84.43,2063.67,Month-to-month,DSL,Credit card,No,Yes,1
C10089,Customer 10089,customer10089@example.com,+91-9000010088,56,112.81,6318.22,One year,DSL,Electronic check,No,No,0
C10090,Customer 10090,customer10090@example.com,+91-9000010089,60,62.45,3507.5,Month-to-month,Fiber optic,Credit card,Yes,No,0
C10091,Customer 10091,customer10091@example.com,+91-9000010090,32,35.11,1129.81,One year,No,Electronic check,No,Yes,1
C10092,Customer 10092,customer10092@example.com,+91-9000010091,58,106.1,6326.51,One year,No,Electronic check,Yes,No,1
C10093,Customer 10093,customer10093@example.com,+91-9000010092,61,73.18,4335.35,One year,No,Electronic check,Yes,No,0
C10094,Customer 10094,customer10094@example.com,+91-9000010093,28,81.44,2101.27,One year,Fiber optic,Bank transfer,Yes,No,0
C10095,Customer 10095,customer10095@example.com,+91-9000010094,65,123.21,8164.48,Two year,DSL,Credit card,No,No,1
C10096,Customer 10096,customer10096@example.com,+91-9000010095,21,85.72,1667.66,Month-to-month,Fiber optic,Bank transfer,No,Yes,1
C10097,Customer 10097,customer10097@example.com,+91-9000010096,18,67.5,1201.94,One year,No,Credit card,No,No,0
C10098,Customer 10098,customer10098@example.com,+91-9000010097,50,62.0,3261.09,One year,Fiber optic,Bank transfer,Yes,Yes,1
C10099,Customer 10099,customer10099@example.com,+91-9000010098,46,66.76,3316.07,Month-to-month,Fiber optic,Credit card,No,No,1
C10100,Customer 10100,customer10100@example.com,+91-9000010099,11,36.84,396.83,Month-to-month,Fiber optic,Mailed check,No,Yes,1
C10101,Customer 10101,customer10101@example.com,+91-9000010100,60,104.48,5787.48,Month-to-month,Fiber optic,Bank transfer,Yes,No,1
C10102,Customer 10102,customer10102@example.com,+91-9000010101,15,108.77,1629.7,Month-to-month,No,Electronic check,No,No,1
C10103,Customer 10103,customer10103@example.com,+91-9000010102,58,53.44,2988.57,Month-to-month,Fiber optic,Electronic check,Yes,Yes,1
C10104,Customer 10104,customer10104@example.com,+91-9000010103,1,55.38,58.86,Month-to-month,Fiber optic,Bank transfer,Yes,Yes,1
C10105,Customer 10105,customer10105@example.com,+91-9000010104,58,112.43,6741.61,One year,DSL,Bank transfer,No,Yes,0
C10106,Customer 10106,customer10106@example.com,+91-9000010105,57,27.4,1537.89,Month-to-month,Fiber optic,Electronic check,Yes,No,0
C10107,Customer 10107,customer10107@example.com,+91-9000010106,57,77.05,4575.98,Two year,DSL,Mailed check,No,No,0
C10108,Customer 10108,customer10108@example.com,+91-9000010107,48,71.37,3338.72,Month-to-month,No,Mailed check,No,Yes,0
C10109,Customer 10109,customer10109@example.com,+91-9000010108,34,94.01,3207.47,One year,Fiber optic,Electronic check,Yes,No,0
C10110,Customer 10110,customer10110@example.com,+91-9000010109,51,41.34,2250.96,Month-to-month,Fiber optic,Electronic check,Yes,No,0
C10111,Customer 10111,customer10111@example.com,+91-9000010110,20,91.83,1748.49,Month-to-month,DSL,Electronic check,No,No,1
C10112,Customer 10112,customer10112@example.com,+91-9000010111,57,62.67,3465.34,Month-to-month,Fiber optic,Bank transfer,No,No,1
C10113,Customer 10113,customer10113@example.com,+91-9000010112,41,86.87,3781.41,One year,Fiber optic,Credit card,No,No,0
C10114,Customer 10114,customer10114@example.com,+91-9000010113,34,29.01,980.32,Month-to-month,DSL,Bank transfer,Yes,No,1
C10115,Customer 10115,customer10115@example.com,+91-9000010114,37,71.17,2556.56,Two year,No,Electronic check,No,Yes,0
C10116,Customer 10116,customer10116@example.com,+91-9000010115,41,77.23,2932.01,Month-to-month,Fiber optic,Bank transfer,No,Yes,0
C10117,Customer 10117,customer10117@example.com,+91-9000010116,3,46.43,137.48,One year,Fiber optic,Electronic check,Yes,No,1
C10118,Customer 10118,customer10118@example.com,+91-9000010117,11,38.96,428.6,Month-to-month,DSL,Bank transfer,No,No,0
C10119,Customer 10119,customer10119@example.com,+91-9000010118,18,43.85,777.47,One year,Fiber optic,Bank transfer,No,Yes,0
C10120,Customer 10120,customer10120@example.com,+91-9000010119,9,59.41,515.65,Month-to-month,Fiber optic,Bank transfer,No,No,1
C10121,Customer 10121,customer10121@example.com,+91-9000010120,32,34.68,1086.52,Month-to-month,No,Bank transfer,Yes,Yes,1
C10122,Customer 10122,customer10122@example.com,+91-9000010121,49,119.73,6000.48,Month-to-month,DSL,Credit card,No,No,0
C10123,Customer 10123,customer10123@example.com,+91-9000010122,48,65.5,3340.83,Month-to-month,No,Electronic check,Yes,No,0
C10124,Customer 10124,customer10124@example.com,+91-9000010123,34,105.9,3686.83,Month-to-month,Fiber optic,Credit card,No,No,1
C10125,Customer 10125,customer10125@example.com,+91-9000010124,62,122.44,7768.81,Two year,DSL,Electronic check,Yes,No,0
C10126,Customer 10126,customer10126@example.com,+91-9000010125,41,33.07,1424.61,Month-to-month,DSL,Electronic check,Yes,Yes,0
C10127,Customer 10127,customer10127@example.com,+91-9000010126,6,90.17,512.03,Month-to-month,DSL,Credit card,No,Yes,0
C10128,Customer 10128,customer10128@example.com,+91-9000010127,56,112.14,6079.99,Two year,No,Credit card,Yes,Yes,0
C10129,Customer 10129,customer10129@example.com,+91-9000010128,42,88.42,3446.61,Month-to-month,DSL,Electronic check,No,No,0
C10130,Customer 10130,customer10130@example.com,+91-9000010129,46,67.9,3048.26,Month-to-month,Fiber optic,Bank transfer,Yes,Yes,0
C10131,Customer 10131,customer10131@example.com,+91-9000010130,41,68.11,3015.39,One year,Fiber optic,Credit card,No,No,1
C10132,Customer 10132,customer10132@example.com,+91-9000010131,40,28.59,1112.37,Two year,No,Mailed check,Yes,Yes,0
C10133,Customer 10133,customer10133@example.com,+91-9000010132,7,78.46,580.84,One year,Fiber optic,Bank transfer,No,No,1
C10134,Customer 10134,customer10134@example.com,+91-9000010133,41,124.35,4760.45,Month-to-month,Fiber optic,Electronic check,No,Yes,0
C10135,Customer 10135,customer10135@example.com,+91-9000010134,58,120.87,6965.27,Two year,DSL,Bank transfer,Yes,No,0
C10136,Customer 10136,customer10136@example.com,+91-9000010135,22,29.04,623.7,Month-to-month,No,Electronic check,Yes,No,1
C10137,Customer 10137,customer10137@example.com,+91-9000010136,44,95.58,4004.72,Two year,DSL,Electronic check,Yes,No,0
C10138,Customer 10138,customer10138@example.com,+91-9000010137,3,55.18,162.16,Two year,DSL,Bank transfer,No,No,0
C10139,Customer 10139,customer10139@example.com,+91-9000010138,26,115.3,3070.36,Two year,No,Credit card,Yes,No,1
C10140,Customer 10140,customer10140@example.com,+91-9000010139,32,29.51,942.86,Month-to-month,DSL,Electronic check,Yes,Yes,0
C10141,Customer 10141,customer10141@example.com,+91-9000010140,71,118.59,8883.77,Month-to-month,DSL,Credit card,Yes,No,1
C10142,Customer 10142,customer10142@example.com,+91-9000010141,16,108.75,1852.74,One year,Fiber optic,Credit card,No,No,0
C10143,Customer 10143,customer10143@example.com,+91-9000010142,20,36.75,732.87,Month-to-month,DSL,Credit card,No,No,0
C10144,Customer 10144,customer10144@example.com,+91-9000010143,30,30.98,1001.03,Month-to-month,DSL,Electronic check,No,No,0
C10145,Customer 10145,customer10145@example.com,+91-9000010144,72,108.47,7275.05,Two year,Fiber optic,Bank transfer,No,Yes,1
C10146,Customer 10146,customer10146@example.com,+91-9000010145,62,40.58,2425.92,One year,Fiber optic,Electronic check,No,No,0
C10147,Customer 10147,customer10147@example.com,+91-9000010146,3,78.49,232.33,Month-to-month,Fiber optic,Electronic check,No,Yes,1
C10148,Customer 10148,customer10148@example.com,+91-9000010147,17,116.57,2007.91,Month-to-month,DSL,Electronic check,No,Yes,1
C10149,Customer 10149,customer10149@example.com,+91-9000010148,60,81.74,4940.44,Month-to-month,Fiber optic,Electronic check,Yes,Yes,1
C10150,Customer 10150,customer10150@example.com,+91-9000010149,5,64.72,327.12,Month-to-month,Fiber optic,Electronic check,No,No,1
C10151,Customer 10151,customer10151@example.com,+91-9000010150,62,69.5,4582.19,Month-to-month,DSL,Electronic check,No,Yes,0
C10152,Customer 10152,customer10152@example.com,+91-9000010151,21,31.31,634.11,Two year,DSL,Mailed check,No,No,0
C10153,Customer 10153,customer10153@example.com,+91-9000010152,67,121.88,8579.95,One year,DSL,Credit card,Yes,No,0
C10154,Customer 10154,customer10154@example.com,+91-9000010153,22,56.07,1244.99,Month-to-month,Fiber optic,Electronic check,Yes,No,0
C10155,Customer 10155,customer10155@example.com,+91-9000010154,32,43.94,1403.94,Month-to-month,DSL,Mailed check,No,Yes,0
C10156,Customer 10156,customer10156@example.com,+91-9000010155,48,53.6,2490.23,One year,Fiber optic,Electronic check,No,No,0
C10157,Customer 10157,customer10157@example.com,+91-9000010156,10,121.44,1176.33,Two year,No,Bank transfer,No,No,0
C10158,Customer 10158,customer10158@example.com,+91-9000010157,41,34.43,1386.44,Two year,DSL,Credit card,No,No,0
C10159,Customer 10159,customer10159@example.com,+91-9000010158,37,111.73,4308.31,Month-to-month,Fiber optic,Bank transfer,No,No,1
C10160,Customer 10160,customer10160@example.com,+91-9000010159,57,95.78,5439.14,Two year,DSL,Electronic check,Yes,Yes,0
C10161,Customer 10161,customer10161@example.com,+91-9000010160,72,108.0,7345.31,Month-to-month,DSL,Electronic check,Yes,No,0
C10162,Customer 10162,customer10162@example.com,+91-9000010161,48,122.59,6128.98,Month-to-month,Fiber optic,Bank transfer,Yes,Yes,0
C10163,Customer 10163,customer10163@example.com,+91-9000010162,30,109.22,3362.25,Two year,Fiber optic,Bank transfer,No,No,1
C10164,Customer 10164,customer10164@example.com,+91-9000010163,30,119.34,3837.54,Month-to-month,No,Bank transfer,No,Yes,1
C10165,Customer 10165,customer10165@example.com,+91-9000010164,31,37.69,1173.89,Month-to-month,Fiber optic,Bank transfer,No,No,0
C10166,Customer 10166,customer10166@example.com,+91-9000010165,59,104.58,6322.67,Month-to-month,DSL,Electronic check,No,No,0
C10167,Customer 10167,customer10167@example.com,+91-9000010166,24,79.57,1903.36,Month-to-month,Fiber optic,Bank transfer,No,Yes,0
C10168,Customer 10168,customer10168@example.com,+91-9000010167,13,79.35,1061.39,Month-to-month,DSL,Electronic check,No,No,1
C10169,Customer 10169,customer10169@example.com,+91-9000010168,25,114.89,2842.89,One year,No,Credit card,No,Yes,0
C10170,Customer 10170,customer10170@example.com,+91-9000010169,2,122.18,230.2,Month-to-month,Fiber optic,Credit card,No,No,1
C10171,Customer 10171,customer10171@example.com,+91-9000010170,8,95.48,823.32,Month-to-month,DSL,Bank transfer,No,No,0
C10172,Customer 10172,customer10172@example.com,+91-9000010171,7,73.29,531.12,Two year,Fiber optic,Credit card,Yes,No,1
C10173,Customer 10173,customer10173@example.com,+91-9000010172,56,70.64,4024.59,Month-to-month,Fiber optic,Electronic check,No,No,1
C10174,Customer 10174,customer10174@example.com,+91-9000010173,53,63.63,3362.36,Two year,Fiber optic,Electronic check,Yes,No,1
C10175,Customer 10175,customer10175@example.com,+91-9000010174,51,61.16,3224.68,Month-to-month,DSL,Bank transfer,Yes,No,0
C10176,Customer 10176,customer10176@example.com,+91-9000010175,34,64.15,2050.85,One year,DSL,Bank transfer,No,No,0
C10177,Customer 10177,customer10177@example.com,+91-9000010176,52,33.98,1717.8,Month-to-month,DSL,Credit card,No,Yes,0
C10178,Customer 10178,customer10178@example.com,+91-9000010177,12,32.74,369.29,Two year,Fiber optic,Mailed check,Yes,Yes,0
C10179,Customer 10179,customer10179@example.com,+91-9000010178,65,102.99,6293.79,Month-to-month,Fiber optic,Electronic check,Yes,No,1
C10180,Customer 10180,customer10180@example.com,+91-9000010179,37,69.61,2378.32,Two year,DSL,Electronic check,No,No,0
C10181,Customer 10181,customer10181@example.com,+91-9000010180,68,118.07,8357.48,Month-to-month,Fiber optic,Bank transfer,Yes,No,1
C10182,Customer 10182,customer10182@example.com,+91-9000010181,11,86.22,907.04,One year,Fiber optic,Electronic check,Yes,No,1
C10183,Customer 10183,customer10183@example.com,+91-9000010182,36,28.52,1081.26,Month-to-month,DSL,Electronic check,No,No,1
C10184,Customer 10184,customer10184@example.com,+91-9000010183,51,40.75,2212.73,Month-to-month,No,Mailed check,No,No,0
C10185,Customer 10185,customer10185@example.com,+91-9000010184,36,45.58,1553.87,Month-to-month,Fiber optic,Credit card,No,No,0
C10186,Customer 10186,customer10186@example.com,+91-9000010185,33,122.57,4179.98,Month-to-month,Fiber optic,Mailed check,No,No,0
C10187,Customer 10187,customer10187@example.com,+91-9000010186,12,46.87,558.87,Month-to-month,Fiber optic,Electronic check,Yes,No,1
C10188,Customer 10188,customer10188@example.com,+91-9000010187,28,76.58,2287.98,One year,DSL,Electronic check,Yes,Yes,0
C10189,Customer 10189,customer10189@example.com,+91-9000010188,18,118.62,2129.84,Month-to-month,No,Bank transfer,No,No,1
C10190,Customer 10190,customer10190@example.com,+91-9000010189,22,122.72,2647.52,Month-to-month,Fiber optic,Mailed check,No,No,1
C10191,Customer 10191,customer10191@example.com,+91-9000010190,50,48.64,2352.06,Month-to-month,Fiber optic,Electronic check,Yes,No,0
C10192,Customer 10192,customer10192@example.com,+91-9000010191,46,29.91,1464.71,Month-to-month,No,Electronic check,Yes,Yes,0
C10193,Customer 10193,customer10193@example.com,+91-9000010192,44,40.36,1698.04,Month-to-month,Fiber optic,Electronic check,Yes,No,1
C10194,Customer 10194,customer10194@example.com,+91-9000010193,27,31.33,890.26,One year,Fiber optic,Credit card,Yes,Yes,1
C10195,Customer 10195,customer10195@example.com,+91-9000010194,70,44.51,2963.25,Month-to-month,DSL,Credit card,Yes,Yes,0
C10196,Customer 10196,customer10196@example.com,+91-9000010195,7,81.86,586.17,Two year,DSL,Credit card,Yes,No,0
C10197,Customer 10197,customer10197@example.com,+91-9000010196,25,116.24,2883.25,Month-to-month,Fiber optic,Electronic check,No,No,1
C10198,Customer 10198,customer10198@example.com,+91-9000010197,9,78.72,663.66,Month-to-month,Fiber optic,Credit card,Yes,Yes,1
C10199,Customer 10199,customer10199@example.com,+91-9000010198,25,87.6,2058.93,Two year,Fiber optic,Bank transfer,No,No,1
C10200,Customer 10200,customer10200@example.com,+91-9000010199,70,45.19,3052.72,Month-to-month,Fiber optic,Electronic check,No,No,1
C10201,Customer 10201,customer10201@example.com,+91-9000010200,27,105.06,2957.64,Month-to-month,DSL,Electronic check,No,No,1
C10202,Customer 10202,customer10202@example.com,+91-9000010201,66,86.78,5937.28,Two year,DSL,Bank transfer,No,No,0
C10203,Customer 10203,customer10203@example.com,+91-9000010202,36,111.41,3821.53,Two year,Fiber optic,Electronic check,No,No,1
C10204,Customer 10204,customer10204@example.com,+91-9000010203,51,119.88,6090.6,One year,DSL,Mailed check,Yes,No,0
C10205,Customer 10205,customer10205@example.com,+91-9000010204,33,59.79,1845.84,Month-to-month,Fiber optic,Bank transfer,No,No,1
C10206,Customer 10206,customer10206@example.com,+91-9000010205,20,34.06,704.74,One year,Fiber optic,Electronic check,Yes,No,0
C10207,Customer 10207,customer10207@example.com,+91-9000010206,56,47.59,2790.11,Two year,Fiber optic,Credit card,Yes,Yes,0
C10208,Customer 10208,customer10208@example.com,+91-9000010207,70,68.78,5117.74,Two year,Fiber optic,Bank transfer,Yes,Yes,0
C10209,Customer 10209,customer10209@example.com,+91-9000010208,19,119.57,2412.05,Month-to-month,Fiber optic,Electronic check,No,No,0
C10210,Customer 10210,customer10210@example.com,+91-9000010209,57,62.83,3488.42,Month-to-month,Fiber optic,Bank transfer,Yes,Yes,0
C10211,Customer 10211,customer10211@example.com,+91-9000010210,19,102.08,1863.35,Month-to-month,DSL,Electronic check,No,No,0
C10212,Customer 10212,customer10212@example.com,+91-9000010211,52,79.05,4371.44,Month-to-month,Fiber optic,Electronic check,No,Yes,1
C10213,Customer 10213,customer10213@example.com,+91-9000010212,57,43.28,2327.23,One year,Fiber optic,Credit card,No,No,0
C10214,Customer 10214,customer10214@example.com,+91-9000010213,33,57.07,1750.53,Month-to-month,DSL,Bank transfer,Yes,No,0
C10215,Customer 10215,customer10215@example.com,+91-9000010214,54,90.32,4732.32,Month-to-month,Fiber optic,Electronic check,No,No,1
C10216,Customer 10216,customer10216@example.com,+91-9000010215,20,92.29,1922.67,Month-to-month,No,Electronic check,No,No,1
C10217,Customer 10217,customer10217@example.com,+91-9000010216,6,68.48,423.65,Month-to-month,DSL,Bank transfer,No,No,1
C10218,Customer 10218,customer10218@example.com,+91-9000010217,7,47.86,361.13,Month-to-month,Fiber optic,Electronic check,No,No,1
C10219,Customer 10219,customer10219@example.com,+91-9000010218,33,97.19,3135.19,Month-to-month,No,Mailed check,No,Yes,0
C10220,Customer 10220,customer10220@example.com,+91-9000010219,65,41.89,2625.2,Month-to-month,No,Bank transfer,No,No,0
C10221,Customer 10221,customer10221@example.com,+91-9000010220,10,118.67,1163.58,Two year,Fiber optic,Credit card,No,No,1
C10222,Customer 10222,customer10222@example.com,+91-9000010221,33,43.79,1510.33,Month-to-month,Fiber optic,Bank transfer,Yes,Yes,0
C10223,Customer 10223,customer10223@example.com,+91-9000010222,51,35.73,1738.93,Month-to-month,No,Credit card,Yes,Yes,0
C10224,Customer 10224,customer10224@example.com,+91-9000010223,15,74.76,1201.74,Month-to-month,Fiber optic,Electronic check,Yes,No,0
C10225,Customer 10225,customer10225@example.com,+91-9000010224,52,76.95,4009.43,Month-to-month,DSL,Electronic check,Yes,Yes,0
C10226,Customer 10226,customer10226@example.com,+91-9000010225,23,75.82,1822.86,Month-to-month,DSL,Electronic check,Yes,No,0
C10227,Customer 10227,customer10227@example.com,+91-9000010226,59,68.67,4263.68,Month-to-month,Fiber optic,Electronic check,Yes,Yes,0
C10228,Customer 10228,customer10228@example.com,+91-9000010227,42,124.48,5210.44,Month-to-month,Fiber optic,Mailed check,No,No,1
C10229,Customer 10229,customer10229@example.com,+91-9000010228,40,73.63,3058.94,Month-to-month,DSL,Credit card,No,No,0
C10230,Customer 10230,customer10230@example.com,+91-9000010229,13,72.79,925.78,One year,DSL,Bank transfer,No,No,0
C10231,Customer 10231,customer10231@example.com,+91-9000010230,34,67.18,2397.75,Month-to-month,Fiber optic,Bank transfer,No,No,1
C10232,Customer 10232,customer10232@example.com,+91-9000010231,62,31.68,2065.95,Month-to-month,Fiber optic,Bank transfer,No,Yes,1
C10233,Customer 10233,customer10233@example.com,+91-9000010232,2,84.3,170.39,One year,No,Bank transfer,Yes,No,1
C10234,Customer 10234,customer10234@example.com,+91-9000010233,55,47.8,2510.44,Month-to-month,Fiber optic,Credit card,No,No,1
C10235,Customer 10235,customer10235@example.com,+91-9000010234,36,88.76,3435.77,Month-to-month,No,Bank transfer,Yes,No,0
C10236,Customer 10236,customer10236@example.com,+91-9000010235,52,30.08,1676.02,Month-to-month,No,Credit card,No,Yes,0
C10237,Customer 10237,customer10237@example.com,+91-9000010236,48,123.14,6024.04,Month-to-month,DSL,Electronic check,No,Yes,1
C10238,Customer 10238,customer10238@example.com,+91-9000010237,32,71.9,2478.93,Month-to-month,Fiber optic,Mailed check,No,No,1
C10239,Customer 10239,customer10239@example.com,+91-9000010238,23,114.68,2638.82,Two year,DSL,Electronic check,Yes,No,0
C10240,Customer 10240,customer10240@example.com,+91-9000010239,46,72.56,3271.26,Two year,No,Bank transfer,No,Yes,0
C10241,Customer 10241,customer10241@example.com,+91-9000010240,11,31.03,339.17,Two year,DSL,Mailed check,Yes,No,1
C10242,Customer 10242,customer10242@example.com,+91-9000010241,43,107.22,4275.49,Month-to-month,Fiber optic,Electronic check,Yes,Yes,1
C10243,Customer 10243,customer10243@example.com,+91-9000010242,7,89.82,633.68,Month-to-month,Fiber optic,Electronic check,Yes,No,1
C10244,Customer 10244,customer10244@example.com,+91-9000010243,47,103.18,4978.44,Month-to-month,DSL,Electronic check,Yes,Yes,1
C10245,Customer 10245,customer10245@example.com,+91-9000010244,46,67.82,2924.81,Month-to-month,Fiber optic,Bank transfer,No,Yes,0
C10246,Customer 10246,customer10246@example.com,+91-9000010245,7,88.79,597.23,Month-to-month,DSL,Mailed check,No,Yes,1
C10247,Customer 10247,customer10247@example.com,+91-9000010246,55,110.62,6299.41,Month-to-month,Fiber optic,Credit card,Yes,Yes,1
C10248,Customer 10248,customer10248@example.com,+91-9000010247,30,88.11,2767.47,Month-to-month,Fiber optic,Bank transfer,No,No,1
C10249,Customer 10249,customer10249@example.com,+91-9000010248,57,59.77,3671.74,Month-to-month,Fiber optic,Mailed check,No,Yes,1
C10250,Customer 10250,customer10250@example.com,+91-9000010249,3,91.25,262.94,Month-to-month,Fiber optic,Bank transfer,No,No,1
C10251,Customer 10251,customer10251@example.com,+91-9000010250,13,92.19,1263.94,One year,No,Credit card,No,No,0
C10252,Customer 10252,customer10252@example.com,+91-9000010251,36,121.06,4129.52,Month-to-month,DSL,Electronic check,No,No,1
C10253,Customer 10253,customer10253@example.com,+91-9000010252,14,62.09,817.92,Two year,Fiber optic,Bank transfer,No,No,1
C10254,Customer 10254,customer10254@example.com,+91-9000010253,24,67.51,1679.66,Month-to-month,No,Electronic check,No,Yes,0
C10255,Customer 10255,customer10255@example.com,+91-9000010254,48,106.21,5053.93,Month-to-month,Fiber optic,Electronic check,No,Yes,1
C10256,Customer 10256,customer10256@example.com,+91-9000010255,11,75.58,870.48,Month-to-month,DSL,Credit card,Yes,No,1
C10257,Customer 10257,customer10257@example.com,+91-9000010256,49,98.66,4666.16,Month-to-month,No,Electronic check,No,No,0
C10258,Customer 10258,customer10258@example.com,+91-9000010257,8,70.97,541.71,Month-to-month,DSL,Bank transfer,Yes,No,1
C10259,Customer 10259,customer10259@example.com,+91-9000010258,13,46.55,609.87,Month-to-month,Fiber optic,Credit card,No,No,1
C10260,Customer 10260,customer10260@example.com,+91-9000010259,43,99.52,4015.96,One year,Fiber optic,Electronic check,Yes,No,0
C10261,Customer 10261,customer10261@example.com,+91-9000010260,58,38.12,2132.69,Month-to-month,Fiber optic,Bank transfer,Yes,No,1
C10262,Customer 10262,customer10262@example.com,+91-9000010261,13,44.86,552.04,Month-to-month,DSL,Credit card,No,No,1
C10263,Customer 10263,customer10263@example.com,+91-9000010262,22,87.68,1873.42,Two year,DSL,Mailed check,No,No,0
C10264,Customer 10264,customer10264@example.com,+91-9000010263,67,99.73,6965.76,Month-to-month,Fiber optic,Electronic check,Yes,No,1
C10265,Customer 10265,customer10265@example.com,+91-9000010264,72,114.47,7741.72,One year,DSL,Mailed check,Yes,No,0
C10266,Customer 10266,customer10266@example.com,+91-9000010265,42,52.26,2234.21,Month-to-month,Fiber optic,Credit card,No,No,0
C10267,Customer 10267,customer10267@example.com,+91-9000010266,33,36.07,1206.45,Month-to-month,Fiber optic,Bank transfer,No,Yes,1
C10268,Customer 10268,customer10268@example.com,+91-9000010267,25,120.6,3033.39,Month-to-month,Fiber optic,Bank transfer,No,Yes,1
C10269,Customer 10269,customer10269@example.com,+91-9000010268,45,40.44,1815.21,Month-to-month,DSL,Credit card,Yes,Yes,0
C10270,Customer 10270,customer10270@example.com,+91-9000010269,43,44.77,1975.58,One year,DSL,Credit card,No,No,0
C10271,Customer 10271,customer10271@example.com,+91-9000010270,22,54.13,1257.89,Month-to-month,No,Electronic check,No,No,0
C10272,Customer 10272,customer10272@example.com,+91-9000010271,2,77.94,147.45,Month-to-month,Fiber optic,Mailed check,Yes,Yes,1
C10273,Customer 10273,customer10273@example.com,+91-9000010272,11,113.28,1308.71,Month-to-month,DSL,Mailed check,No,No,1
C10274,Customer 10274,customer10274@example.com,+91-9000010273,70,101.05,6577.2,Two year,DSL,Bank transfer,Yes,Yes,0
C10275,Customer 10275,customer10275@example.com,+91-9000010274,31,95.82,2961.92,One year,DSL,Credit card,No,No,0
C10276,Customer 10276,customer10276@example.com,+91-9000010275,35,42.52,1490.93,Two year,No,Bank transfer,No,Yes,0
C10277,Customer 10277,customer10277@example.com,+91-9000010276,34,60.77,1966.21,One year,DSL,Credit card,Yes,No,0
C10278,Customer 10278,customer10278@example.com,+91-9000010277,57,72.84,3879.3,One year,DSL,Credit card,No,No,1
C10279,Customer 10279,customer10279@example.com,+91-9000010278,5,39.74,185.19,Month-to-month,Fiber optic,Electronic check,No,No,1
C10280,Customer 10280,customer10280@example.com,+91-9000010279,6,52.34,290.79,Two year,DSL,Electronic check,No,No,0
C10281,Customer 10281,customer10281@example.com,+91-9000010280,20,55.83,1129.75,Month-to-month,DSL,Electronic check,No,Yes,0
C10282,Customer 10282,customer10282@example.com,+91-9000010281,36,37.73,1283.41,Month-to-month,No,Mailed check,Yes,No,0
C10283,Customer 10283,customer10283@example.com,+91-9000010282,49,80.02,4114.65,One year,Fiber optic,Bank transfer,Yes,Yes,1
C10284,Customer 10284,customer10284@example.com,+91-9000010283,36,95.5,3657.46,Month-to-month,DSL,Mailed check,No,No,1
C10285,Customer 10285,customer10285@example.com,+91-9000010284,32,31.99,989.68,Month-to-month,Fiber optic,Bank transfer,Yes,No,1
C10286,Customer 10286,customer10286@example.com,+91-9000010285,68,73.11,4704.58,Month-to-month,DSL,Electronic check,Yes,No,1
C10287,Customer 10287,customer10287@example.com,+91-9000010286,12,103.22,1220.73,Month-to-month,DSL,Mailed check,No,No,0
C10288,Customer 10288,customer10288@example.com,+91-9000010287,42,99.8,4447.5,Two year,Fiber optic,Bank transfer,Yes,Yes,0
C10289,Customer 10289,customer10289@example.com,+91-9000010288,40,106.51,4192.11,Month-to-month,Fiber optic,Electronic check,No,No,1
C10290,Customer 10290,customer10290@example.com,+91-9000010289,35,69.82,2290.56,Two year,Fiber optic,Electronic check,No,Yes,0
C10291,Customer 10291,customer10291@example.com,+91-9000010290,59,107.06,6806.37,Month-to-month,No,Electronic check,No,No,1
C10292,Customer 10292,customer10292@example.com,+91-9000010291,20,49.08,981.55,One year,DSL,Electronic check,Yes,No,0
C10293,Customer 10293,customer10293@example.com,+91-9000010292,69,61.08,4108.23,Month-to-month,No,Electronic check,No,No,1
C10294,Customer 10294,customer10294@example.com,+91-9000010293,24,42.64,1087.81,Two year,Fiber optic,Bank transfer,No,No,0
C10295,Customer 10295,customer10295@example.com,+91-9000010294,40,71.75,3066.26,Month-to-month,DSL,Electronic check,No,No,0
C10296,Customer 10296,customer10296@example.com,+91-9000010295,38,64.21,2438.73,Month-to-month,Fiber optic,Electronic check,No,Yes,1
C10297,Customer 10297,customer10297@example.com,+91-9000010296,62,49.09,2949.46,Month-to-month,DSL,Electronic check,No,No,1
C10298,Customer 10298,customer10298@example.com,+91-9000010297,32,100.18,3196.85,Month-to-month,Fiber optic,Bank transfer,Yes,No,0
C10299,Customer 10299,customer10299@example.com,+91-9000010298,21,56.38,1130.8,Month-to-month,Fiber optic,Mailed check,Yes,No,1
C10300,Customer 10300,customer10300@example.com,+91-9000010299,2,52.28,104.2,One year,DSL,Bank transfer,No,Yes,0
C10301,Customer 10301,customer10301@example.com,+91-9000010300,27,38.09,983.91,Two year,No,Electronic check,Yes,Yes,0
C10302,Customer 10302,customer10302@example.com,+91-9000010301,60,68.88,4213.61,One year,DSL,Bank transfer,No,No,0
C10303,Customer 10303,customer10303@example.com,+91-9000010302,1,55.3,57.6,Month-to-month,Fiber optic,Mailed check,No,No,1
C10304,Customer 10304,customer10304@example.com,+91-9000010303,65,61.93,4327.8,Month-to-month,DSL,Credit card,Yes,No,0
C10305,Customer 10305,customer10305@example.com,+91-9000010304,40,48.6,2050.55,Two year,DSL,Credit card,No,Yes,0
C10306,Customer 10306,customer10306@example.com,+91-9000010305,11,101.32,1040.72,Two year,Fiber optic,Mailed check,No,Yes,0
C10307,Customer 10307,customer10307@example.com,+91-9000010306,22,118.0,2476.18,Month-to-month,No,Bank transfer,Yes,No,1
C10308,Customer 10308,customer10308@example.com,+91-9000010307,40,74.79,3006.77,Two year,DSL,Mailed check,No,Yes,0
C10309,Customer 10309,customer10309@example.com,+91-9000010308,23,89.3,1974.24,Month-to-month,No,Electronic check,No,Yes,1
C10310,Customer 10310,customer10310@example.com,+91-9000010309,8,111.72,824.31,Two year,DSL,Credit card,No,Yes,1
C10311,Customer 10311,customer10311@example.com,+91-9000010310,48,124.88,6238.6,Two year,Fiber optic,Credit card,No,Yes,0
C10312,Customer 10312,customer10312@example.com,+91-9000010311,49,86.35,4134.86,One year,Fiber optic,Mailed check,No,Yes,1
C10313,Customer 10313,customer10313@example.com,+91-9000010312,9,113.98,954.6,Month-to-month,DSL,Bank transfer,No,No,1
C10314,Customer 10314,customer10314@example.com,+91-9000010313,21,115.86,2436.5,One year,No,Credit card,Yes,Yes,0
C10315,Customer 10315,customer10315@example.com,+91-9000010314,18,104.15,2017.84,Month-to-month,Fiber optic,Electronic check,Yes,No,1
C10316,Customer 10316,customer10316@example.com,+91-9000010315,48,71.09,3509.8,One year,Fiber optic,Bank transfer,No,No,0
C10317,Customer 10317,customer10317@example.com,+91-9000010316,53,33.12,1659.52,Month-to-month,Fiber optic,Electronic check,No,No,1
C10318,Customer 10318,customer10318@example.com,+91-9000010317,53,26.58,1411.96,One year,Fiber optic,Bank transfer,No,No,0
C10319,Customer 10319,customer10319@example.com,+91-9000010318,68,72.72,5262.8,Two year,Fiber optic,Credit card,No,No,0
C10320,Customer 10320,customer10320@example.com,+91-9000010319,56,74.43,3870.81,Month-to-month,No,Electronic check,No,No,1
C10321,Customer 10321,customer10321@example.com,+91-9000010320,24,65.74,1612.57,Month-to-month,Fiber optic,Electronic check,No,No,1
C10322,Customer 10322,customer10322@example.com,+91-9000010321,8,81.82,677.73,One year,Fiber optic,Electronic check,No,No,0
C10323,Customer 10323,customer10323@example.com,+91-9000010322,45,80.22,3727.73,Month-to-month,Fiber optic,Credit card,Yes,No,0
C10324,Customer 10324,customer10324@example.com,+91-9000010323,66,108.66,6770.15,Month-to-month,Fiber optic,Credit card,No,No,1
C10325,Customer 10325,customer10325@example.com,+91-9000010324,71,35.87,2712.73,Month-to-month,Fiber optic,Credit card,No,No,1
C10326,Customer 10326,customer10326@example.com,+91-9000010325,17,47.52,784.87,Month-to-month,Fiber optic,Electronic check,Yes,Yes,0
C10327,Customer 10327,customer10327@example.com,+91-9000010326,18,104.3,1742.75,One year,Fiber optic,Credit card,Yes,Yes,0
C10328,Customer 10328,customer10328@example.com,+91-9000010327,3,109.78,307.38,One year,Fiber optic,Credit card,Yes,Yes,1
C10329,Customer 10329,customer10329@example.com,+91-9000010328,11,124.48,1359.99,Month-to-month,No,Electronic check,No,No,1
C10330,Customer 10330,customer10330@example.com,+91-9000010329,40,112.29,4161.01,Month-to-month,No,Electronic check,No,No,1
C10331,Customer 10331,customer10331@example.com,+91-9000010330,40,113.99,4763.54,Month-to-month,Fiber optic,Bank transfer,No,No,1
C10332,Customer 10332,customer10332@example.com,+91-9000010331,27,56.43,1612.79,Month-to-month,Fiber optic,Electronic check,No,Yes,0
C10333,Customer 10333,customer10333@example.com,+91-9000010332,23,65.17,1382.2,One year,Fiber optic,Electronic check,Yes,Yes,1
C10334,Customer 10334,customer10334@example.com,+91-9000010333,60,51.81,3262.79,Month-to-month,DSL,Electronic check,No,Yes,1
C10335,Customer 10335,customer10335@example.com,+91-9000010334,34,85.63,3135.58,Month-to-month,Fiber optic,Electronic check,No,No,1
C10336,Customer 10336,customer10336@example.com,+91-9000010335,59,118.88,6486.89,Two year,DSL,Electronic check,No,Yes,0
C10337,Customer 10337,customer10337@example.com,+91-9000010336,70,59.46,4312.02,Month-to-month,DSL,Electronic check,No,Yes,0
C10338,Customer 10338,customer10338@example.com,+91-9000010337,23,80.7,2004.32,One year,No,Credit card,Yes,Yes,0
C10339,Customer 10339,customer10339@example.com,+91-9000010338,15,54.63,858.41,Month-to-month,No,Bank transfer,Yes,No,0
C10340,Customer 10340,customer10340@example.com,+91-9000010339,69,41.98,2899.1,Month-to-month,Fiber optic,Bank transfer,Yes,Yes,1
C10341,Customer 10341,customer10341@example.com,+91-9000010340,46,44.52,2174.01,Month-to-month,DSL,Credit card,No,No,0
C10342,Customer 10342,customer10342@example.com,+91-9000010341,21,30.79,668.1,One year,Fiber optic,Bank transfer,Yes,No,1
C10343,Customer 10343,customer10343@example.com,+91-9000010342,45,119.93,5217.63,Two year,Fiber optic,Electronic check,No,No,1
C10344,Customer 10344,customer10344@example.com,+91-9000010343,38,65.29,2371.59,Month-to-month,Fiber optic,Electronic check,No,No,1
C10345,Customer 10345,customer10345@example.com,+91-9000010344,66,108.41,7169.42,Month-to-month,No,Electronic check,No,Yes,0
C10346,Customer 10346,customer10346@example.com,+91-9000010345,19,93.13,1733.51,Month-to-month,DSL,Bank transfer,Yes,Yes,1
C10347,Customer 10347,customer10347@example.com,+91-9000010346,72,44.19,3094.87,One year,DSL,Bank transfer,No,No,0
C10348,Customer 10348,customer10348@example.com,+91-9000010347,68,42.55,2744.3,One year,DSL,Bank transfer,No,Yes,0
C10349,Customer 10349,customer10349@example.com,+91-9000010348,14,106.2,1568.94,One year,DSL,Bank transfer,No,No,0
C10350,Customer 10350,customer10350@example.com,+91-9000010349,12,51.47,637.9,Two year,Fiber optic,Mailed check,Yes,No,0
C10351,Customer 10351,customer10351@example.com,+91-9000010350,39,116.33,4414.43,Month-to-month,DSL,Electronic check,No,Yes,1
C10352,Customer 10352,customer10352@example.com,+91-9000010351,4,39.01,149.49,One year,DSL,Bank transfer,Yes,Yes,0
C10353,Customer 10353,customer10353@example.com,+91-9000010352,22,92.77,1919.51,One year,DSL,Bank transfer,Yes,No,1
C10354,Customer 10354,customer10354@example.com,+91-9000010353,32,106.45,3195.21,Month-to-month,DSL,Credit card,No,No,1
C10355,Customer 10355,customer10355@example.com,+91-9000010354,70,48.53,3465.3,Two year,Fiber optic,Credit card,Yes,No,0
C10356,Customer 10356,customer10356@example.com,+91-9000010355,72,52.62,3551.51,Month-to-month,DSL,Credit card,Yes,Yes,0
C10357,Customer 10357,customer10357@example.com,+91-9000010356,11,121.45,1434.32,One year,No,Electronic check,No,No,1
C10358,Customer 10358,customer10358@example.com,+91-9000010357,65,51.46,3226.7,One year,DSL,Bank transfer,No,Yes,0
C10359,Customer 10359,customer10359@example.com,+91-9000010358,7,68.0,439.89,Two year,DSL,Credit card,Yes,Yes,0
C10360,Customer 10360,customer10360@example.com,+91-9000010359,54,68.25,3895.03,Month-to-month,DSL,Bank transfer,Yes,No,0
C10361,Customer 10361,customer10361@example.com,+91-9000010360,61,50.3,3003.29,Month-to-month,Fiber optic,Mailed check,Yes,No,0
C10362,Customer 10362,customer10362@example.com,+91-9000010361,65,102.58,6500.17,Two year,DSL,Electronic check,No,No,0
C10363,Customer 10363,customer10363@example.com,+91-9000010362,17,102.18,1631.06,One year,Fiber optic,Bank transfer,Yes,No,1
C10364,Customer 10364,customer10364@example.com,+91-9000010363,65,62.83,4188.77,Month-to-month,DSL,Bank transfer,No,Yes,1
C10365,Customer 10365,customer10365@example.com,+91-9000010364,9,108.51,954.53,One year,No,Bank transfer,No,No,0
C10366,Customer 10366,customer10366@example.com,+91-9000010365,38,46.31,1850.72,Month-to-month,DSL,Credit card,Yes,Yes,0
C10367,Customer 10367,customer10367@example.com,+91-9000010366,34,25.43,882.69,One year,Fiber optic,Electronic check,Yes,No,1
C10368,Customer 10368,customer10368@example.com,+91-9000010367,23,82.12,2003.57,Two year,No,Bank transfer,Yes,Yes,0
C10369,Customer 10369,customer10369@example.com,+91-9000010368,2,124.41,253.7,Month-to-month,DSL,Bank transfer,Yes,No,1
C10370,Customer 10370,customer10370@example.com,+91-9000010369,56,28.86,1688.38,Month-to-month,DSL,Credit card,Yes,Yes,0
C10371,Customer 10371,customer10371@example.com,+91-9000010370,25,45.8,1181.01,Two year,Fiber optic,Bank transfer,No,No,0
C10372,Customer 10372,customer10372@example.com,+91-9000010371,48,76.89,3668.63,One year,DSL,Mailed check,Yes,Yes,0
C10373,Customer 10373,customer10373@example.com,+91-9000010372,30,105.99,3275.69,Two year,DSL,Credit card,No,No,0
C10374,Customer 10374,customer10374@example.com,+91-9000010373,27,33.9,939.26,Month-to-month,Fiber optic,Electronic check,No,No,0
C10375,Customer 10375,customer10375@example.com,+91-9000010374,64,64.52,3803.37,Two year,DSL,Credit card,No,No,0
C10376,Customer 10376,customer10376@example.com,+91-9000010375,7,99.71,720.15,Month-to-month,No,Mailed check,Yes,No,1
C10377,Customer 10377,customer10377@example.com,+91-9000010376,54,62.15,3228.39,Month-to-month,Fiber optic,Electronic check,Yes,Yes,1
C10378,Customer 10378,customer10378@example.com,+91-9000010377,54,43.88,2385.38,Month-to-month,Fiber optic,Bank transfer,No,No,1
C10379,Customer 10379,customer10379@example.com,+91-9000010378,28,44.55,1169.83,One year,DSL,Electronic check,Yes,No,0
C10380,Customer 10380,customer10380@example.com,+91-9000010379,19,66.0,1158.3,Two year,Fiber optic,Bank transfer,No,Yes,0
C10381,Customer 10381,customer10381@example.com,+91-9000010380,1,72.94,67.28,One year,Fiber optic,Electronic check,No,No,1
C10382,Customer 10382,customer10382@example.com,+91-9000010381,68,111.18,7146.78,One year,DSL,Credit card,No,No,0
C10383,Customer 10383,customer10383@example.com,+91-9000010382,69,89.23,5683.92,Month-to-month,No,Bank transfer,Yes,No,1
C10384,Customer 10384,customer10384@example.com,+91-9000010383,18,94.04,1593.16,Month-to-month,Fiber optic,Bank transfer,Yes,No,0
C10385,Customer 10385,customer10385@example.com,+91-9000010384,3,123.3,373.4,Month-to-month,Fiber optic,Electronic check,No,No,1
C10386,Customer 10386,customer10386@example.com,+91-9000010385,9,66.18,586.12,Month-to-month,DSL,Credit card,No,No,0
C10387,Customer 10387,customer10387@example.com,+91-9000010386,5,65.34,351.83,Month-to-month,DSL,Bank transfer,No,No,0
C10388,Customer 10388,customer10388@example.com,+91-9000010387,60,117.33,7387.5,Two year,Fiber optic,Bank transfer,No,No,0
C10389,Customer 10389,customer10389@example.com,+91-9000010388,65,49.59,3041.18,One year,Fiber optic,Electronic check,No,Yes,1
C10390,Customer 10390,customer10390@example.com,+91-9000010389,12,97.98,1160.11,One year,Fiber optic,Electronic check,No,No,1
C10391,Customer 10391,customer10391@example.com,+91-9000010390,54,100.46,5364.92,Month-to-month,DSL,Bank transfer,No,No,0
C10392,Customer 10392,customer10392@example.com,+91-9000010391,13,34.78,442.17,Month-to-month,Fiber optic,Mailed check,Yes,Yes,0
C10393,Customer 10393,customer10393@example.com,+91-9000010392,27,71.82,1937.77,Month-to-month,DSL,Electronic check,No,No,1
C10394,Customer 10394,customer10394@example.com,+91-9000010393,44,45.06,2036.53,Month-to-month,DSL,Credit card,No,No,0
C10395,Customer 10395,customer10395@example.com,+91-9000010394,52,43.54,2315.12,Month-to-month,Fiber optic,Electronic check,No,No,1
C10396,Customer 10396,customer10396@example.com,+91-9000010395,63,71.38,4394.12,Month-to-month,DSL,Credit card,Yes,No,1
C10397,Customer 10397,customer10397@example.com,+91-9000010396,4,53.94,222.84,Month-to-month,DSL,Electronic check,No,Yes,1
C10398,Customer 10398,customer10398@example.com,+91-9000010397,15,104.61,1516.3,One year,DSL,Bank transfer,Yes,No,0
C10399,Customer 10399,customer10399@example.com,+91-9000010398,21,115.76,2561.44,Month-to-month,No,Electronic check,Yes,No,1
C10400,Customer 10400,customer10400@example.com,+91-9000010399,23,105.27,2601.1,Month-to-month,DSL,Electronic check,No,No,1
C10401,Customer 10401,customer10401@example.com,+91-9000010400,72,51.6,3593.18,Month-to-month,Fiber optic,Electronic check,No,Yes,1
C10402,Customer 10402,customer10402@example.com,+91-9000010401,56,52.41,3068.65,Month-to-month,No,Electronic check,No,No,1
C10403,Customer 10403,customer10403@example.com,+91-9000010402,24,50.47,1272.02,Month-to-month,Fiber optic,Bank transfer,No,No,1
C10404,Customer 10404,customer10404@example.com,+91-9000010403,70,38.5,2691.02,Month-to-month,Fiber optic,Mailed check,No,Yes,1
C10405,Customer 10405,customer10405@example.com,+91-9000010404,36,119.38,4014.2,One year,Fiber optic,Bank transfer,Yes,No,0
C10406,Customer 10406,customer10406@example.com,+91-9000010405,37,65.2,2522.86,Month-to-month,Fiber optic,Mailed check,No,No,0
C10407,Customer 10407,customer10407@example.com,+91-9000010406,32,47.47,1496.55,Two year,Fiber optic,Bank transfer,Yes,No,1
C10408,Customer 10408,customer10408@example.com,+91-9000010407,11,109.67,1150.02,Month-to-month,No,Electronic check,No,No,1
C10409,Customer 10409,customer10409@example.com,+91-9000010408,68,64.92,4504.02,Month-to-month,Fiber optic,Electronic check,Yes,No,1
C10410,Customer 10410,customer10410@example.com,+91-9000010409,2,28.51,56.44,Month-to-month,Fiber optic,Bank transfer,No,No,1
C10411,Customer 10411,customer10411@example.com,+91-9000010410,13,41.19,500.14,Month-to-month,DSL,Electronic check,No,No,1
C10412,Customer 10412,customer10412@example.com,+91-9000010411,17,88.93,1628.81,Month-to-month,No,Credit card,No,No,1
C10413,Customer 10413,customer10413@example.com,+91-9000010412,21,103.29,2080.47,Two year,DSL,Credit card,Yes,No,0
C10414,Customer 10414,customer10414@example.com,+91-9000010413,10,46.09,461.71,Month-to-month,Fiber optic,Bank transfer,No,No,1
C10415,Customer 10415,customer10415@example.com,+91-9000010414,2,116.74,239.73,One year,DSL,Bank transfer,No,Yes,1
C10416,Customer 10416,customer10416@example.com,+91-9000010415,49,110.1,5062.65,Month-to-month,Fiber optic,Bank transfer,No,Yes,1
C10417,Customer 10417,customer10417@example.com,+91-9000010416,70,109.84,7983.32,Month-to-month,Fiber optic,Bank transfer,No,No,1
C10418,Customer 10418,customer10418@example.com,+91-9000010417,9,47.77,440.13,Month-to-month,Fiber optic,Electronic check,No,No,1
C10419,Customer 10419,customer10419@example.com,+91-9000010418,22,30.05,660.44,Month-to-month,DSL,Electronic check,No,No,0
C10420,Customer 10420,customer10420@example.com,+91-9000010419,37,111.74,4153.12,Month-to-month,Fiber optic,Electronic check,No,No,1
C10421,Customer 10421,customer10421@example.com,+91-9000010420,67,55.58,3994.83,Two year,Fiber optic,Electronic check,No,No,1
C10422,Customer 10422,customer10422@example.com,+91-9000010421,50,86.89,4630.12,One year,DSL,Credit card,No,Yes,0
C10423,Customer 10423,customer10423@example.com,+91-9000010422,56,101.0,5304.86,Two year,Fiber optic,Electronic check,No,No,0
C10424,Customer 10424,customer10424@example.com,+91-9000010423,42,37.83,1555.49,Month-to-month,Fiber optic,Electronic check,No,No,1
C10425,Customer 10425,customer10425@example.com,+91-9000010424,31,103.08,3204.05,One year,Fiber optic,Mailed check,Yes,Yes,0
C10426,Customer 10426,customer10426@example.com,+91-9000010425,15,118.85,1902.54,One year,DSL,Mailed check,Yes,No,0
C10427,Customer 10427,customer10427@example.com,+91-9000010426,63,97.84,6476.12,One year,Fiber optic,Bank transfer,Yes,No,0
C10428,Customer 10428,customer10428@example.com,+91-9000010427,58,69.12,3936.15,Two year,No,Bank transfer,No,No,0
C10429,Customer 10429,customer10429@example.com,+91-9000010428,2,112.67,239.26,One year,DSL,Credit card,No,No,0
C10430,Customer 10430,customer10430@example.com,+91-9000010429,52,77.75,3964.18,Two year,Fiber optic,Electronic check,No,Yes,0
C10431,Customer 10431,customer10431@example.com,+91-9000010430,7,99.48,670.87,One year,Fiber optic,Bank transfer,No,No,0
C10432,Customer 10432,customer10432@example.com,+91-9000010431,54,107.05,5882.34,Month-to-month,No,Electronic check,No,No,1
C10433,Customer 10433,customer10433@example.com,+91-9000010432,60,99.94,5858.15,One year,Fiber optic,Bank transfer,No,No,0
C10434,Customer 10434,customer10434@example.com,+91-9000010433,10,53.79,548.43,Month-to-month,Fiber optic,Mailed check,No,Yes,1
C10435,Customer 10435,customer10435@example.com,+91-9000010434,32,36.78,1159.95,Two year,DSL,Credit card,No,No,1
C10436,Customer 10436,customer10436@example.com,+91-9000010435,9,48.83,460.27,Two year,Fiber optic,Mailed check,No,Yes,1
C10437,Customer 10437,customer10437@example.com,+91-9000010436,41,75.29,3311.28,Month-to-month,No,Credit card,Yes,Yes,1
C10438,Customer 10438,customer10438@example.com,+91-9000010437,67,75.53,4874.53,Month-to-month,No,Bank transfer,Yes,No,0
C10439,Customer 10439,customer10439@example.com,+91-9000010438,6,83.26,500.36,Month-to-month,Fiber optic,Credit card,No,No,1
C10440,Customer 10440,customer10440@example.com,+91-9000010439,29,64.51,1937.97,Month-to-month,Fiber optic,Bank transfer,No,No,1
C10441,Customer 10441,customer10441@example.com,+91-9000010440,71,103.69,6959.75,Month-to-month,Fiber optic,Bank transfer,Yes,Yes,1
C10442,Customer 10442,customer10442@example.com,+91-9000010441,22,116.32,2680.2,One year,DSL,Electronic check,No,No,0
C10443,Customer 10443,customer10443@example.com,+91-9000010442,10,49.67,503.29,One year,No,Bank transfer,Yes,No,1
C10444,Customer 10444,customer10444@example.com,+91-9000010443,36,98.65,3352.37,Two year,Fiber optic,Electronic check,Yes,No,0
C10445,Customer 10445,customer10445@example.com,+91-9000010444,37,92.8,3635.9,Month-to-month,Fiber optic,Bank transfer,Yes,No,1
C10446,Customer 10446,customer10446@example.com,+91-9000010445,48,77.31,3667.36,Month-to-month,DSL,Electronic check,No,No,0
C10447,Customer 10447,customer10447@example.com,+91-9000010446,23,43.85,956.37,Month-to-month,DSL,Bank transfer,No,Yes,0
C10448,Customer 10448,customer10448@example.com,+91-9000010447,69,104.52,6860.4,Two year,DSL,Electronic check,No,Yes,0
C10449,Customer 10449,customer10449@example.com,+91-9000010448,38,121.06,4810.43,Month-to-month,Fiber optic,Electronic check,No,No,0
C10450,Customer 10450,customer10450@example.com,+91-9000010449,21,97.18,2183.05,Month-to-month,Fiber optic,Bank transfer,No,No,1
C10451,Customer 10451,customer10451@example.com,+91-9000010450,70,116.79,8016.05,Month-to-month,DSL,Electronic check,No,No,0
C10452,Customer 10452,customer10452@example.com,+91-9000010451,67,123.42,7711.9,Two year,Fiber optic,Mailed check,No,No,1
C10453,Customer 10453,customer10453@example.com,+91-9000010452,36,60.21,2029.12,Month-to-month,No,Bank transfer,Yes,No,1
C10454,Customer 10454,customer10454@example.com,+91-9000010453,2,88.82,182.03,One year,DSL,Electronic check,No,No,0
C10455,Customer 10455,customer10455@example.com,+91-9000010454,43,72.39,3048.4,One year,Fiber optic,Electronic check,Yes,No,0
C10456,Customer 10456,customer10456@example.com,+91-9000010455,40,123.66,4887.94,One year,Fiber optic,Credit card,No,Yes,1
C10457,Customer 10457,customer10457@example.com,+91-9000010456,11,34.38,368.32,Month-to-month,DSL,Bank transfer,No,No,1
C10458,Customer 10458,customer10458@example.com,+91-9000010457,46,66.24,3030.24,Month-to-month,Fiber optic,Bank transfer,Yes,No,0
C10459,Customer 10459,customer10459@example.com,+91-9000010458,61,112.55,7023.24,Month-to-month,Fiber optic,Electronic check,No,Yes,1
C10460,Customer 10460,customer10460@example.com,+91-9000010459,8,53.41,430.09,Month-to-month,DSL,Credit card,No,Yes,0
C10461,Customer 10461,customer10461@example.com,+91-9000010460,53,103.78,5204.85,One year,DSL,Mailed check,No,No,0
C10462,Customer 10462,customer10462@example.com,+91-9000010461,11,63.28,695.11,Month-to-month,No,Bank transfer,Yes,No,1
C10463,Customer 10463,customer10463@example.com,+91-9000010462,54,123.0,6600.14,Month-to-month,DSL,Electronic check,Yes,Yes,0
C10464,Customer 10464,customer10464@example.com,+91-9000010463,31,113.35,3539.56,Month-to-month,Fiber optic,Electronic check,No,Yes,1
C10465,Customer 10465,customer10465@example.com,+91-9000010464,1,55.13,51.7,One year,Fiber optic,Electronic check,No,Yes,1
C10466,Customer 10466,customer10466@example.com,+91-9000010465,70,102.02,6745.51,Month-to-month,Fiber optic,Credit card,No,Yes,1
C10467,Customer 10467,customer10467@example.com,+91-9000010466,12,58.69,707.69,One year,Fiber optic,Mailed check,Yes,No,0
C10468,Customer 10468,customer10468@example.com,+91-9000010467,43,85.64,3550.21,Month-to-month,Fiber optic,Mailed check,No,No,1
C10469,Customer 10469,customer10469@example.com,+91-9000010468,14,90.85,1298.16,Two year,Fiber optic,Credit card,No,No,0
C10470,Customer 10470,customer10470@example.com,+91-9000010469,68,107.96,7191.81,One year,Fiber optic,Electronic check,No,Yes,0
C10471,Customer 10471,customer10471@example.com,+91-9000010470,54,27.45,1416.07,Month-to-month,Fiber optic,Mailed check,Yes,No,0
C10472,Customer 10472,customer10472@example.com,+91-9000010471,58,47.02,2795.4,Month-to-month,Fiber optic,Electronic check,No,Yes,1
C10473,Customer 10473,customer10473@example.com,+91-9000010472,32,96.19,3025.83,Month-to-month,Fiber optic,Electronic check,No,No,1
C10474,Customer 10474,customer10474@example.com,+91-9000010473,34,81.35,2614.38,Month-to-month,DSL,Credit card,Yes,No,1
C10475,Customer 10475,customer10475@example.com,+91-9000010474,46,74.56,3599.22,Month-to-month,Fiber optic,Electronic check,Yes,No,1
C10476,Customer 10476,customer10476@example.com,+91-9000010475,57,30.52,1720.65,Two year,Fiber optic,Credit card,Yes,No,0
C10477,Customer 10477,customer10477@example.com,+91-9000010476,61,59.83,3892.01,One year,DSL,Mailed check,No,Yes,0
C10478,Customer 10478,customer10478@example.com,+91-9000010477,2,111.51,212.08,Month-to-month,DSL,Credit card,No,Yes,1
C10479,Customer 10479,customer10479@example.com,+91-9000010478,48,28.09,1429.51,One year,Fiber optic,Credit card,No,No,0
C10480,Customer 10480,customer10480@example.com,+91-9000010479,8,64.64,543.26,Month-to-month,Fiber optic,Bank transfer,Yes,Yes,1
C10481,Customer 10481,customer10481@example.com,+91-9000010480,21,119.51,2350.66,Two year,Fiber optic,Electronic check,No,No,1
C10482,Customer 10482,customer10482@example.com,+91-9000010481,60,30.09,1814.55,Month-to-month,Fiber optic,Credit card,No,Yes,1
C10483,Customer 10483,customer10483@example.com,+91-9000010482,19,99.97,1946.14,One year,No,Bank transfer,No,No,0
C10484,Customer 10484,customer10484@example.com,+91-9000010483,58,50.76,2941.95,One year,Fiber optic,Mailed check,Yes,Yes,0
C10485,Customer 10485,customer10485@example.com,+91-9000010484,34,111.66,3729.78,Month-to-month,DSL,Electronic check,No,Yes,1
C10486,Customer 10486,customer10486@example.com,+91-9000010485,17,99.61,1813.62,Month-to-month,No,Electronic check,No,No,1
C10487,Customer 10487,customer10487@example.com,+91-9000010486,25,113.57,2930.48,Month-to-month,DSL,Electronic check,No,No,1
C10488,Customer 10488,customer10488@example.com,+91-9000010487,39,46.59,1952.45,Two year,Fiber optic,Credit card,No,No,0
C10489,Customer 10489,customer10489@example.com,+91-9000010488,56,78.13,4617.66,Month-to-month,Fiber optic,Credit card,No,No,1
C10490,Customer 10490,customer10490@example.com,+91-9000010489,44,102.93,4758.72,One year,DSL,Mailed check,No,Yes,0
C10491,Customer 10491,customer10491@example.com,+91-9000010490,68,49.57,3492.45,One year,Fiber optic,Electronic check,No,Yes,0
C10492,Customer 10492,customer10492@example.com,+91-9000010491,63,48.07,3099.19,Two year,Fiber optic,Bank transfer,No,Yes,0
C10493,Customer 10493,customer10493@example.com,+91-9000010492,55,27.72,1618.97,Month-to-month,DSL,Electronic check,No,No,1
C10494,Customer 10494,customer10494@example.com,+91-9000010493,44,120.85,5413.89,Month-to-month,DSL,Electronic check,Yes,Yes,1
C10495,Customer 10495,customer10495@example.com,+91-9000010494,21,96.0,1879.01,One year,DSL,Electronic check,No,Yes,0
C10496,Customer 10496,customer10496@example.com,+91-9000010495,30,88.56,2691.9,Month-to-month,DSL,Bank transfer,No,No,0
C10497,Customer 10497,customer10497@example.com,+91-9000010496,9,99.4,837.75,Two year,Fiber optic,Bank transfer,Yes,No,1
C10498,Customer 10498,customer10498@example.com,+91-9000010497,27,78.16,2262.03,Month-to-month,Fiber optic,Electronic check,Yes,No,1
C10499,Customer 10499,customer10499@example.com,+91-9000010498,67,72.61,4979.03,Month-to-month,Fiber optic,Bank transfer,Yes,Yes,0
C10500,Customer 10500,customer10500@example.com,+91-9000010499,31,69.95,2187.76,Two year,Fiber optic,Credit card,No,No,0
C10501,Customer 10501,customer10501@example.com,+91-9000010500,9,89.04,762.62,Month-to-month,DSL,Electronic check,No,No,1
C10502,Customer 10502,customer10502@example.com,+91-9000010501,47,45.15,2127.4,Month-to-month,DSL,Electronic check,Yes,Yes,1
C10503,Customer 10503,customer10503@example.com,+91-9000010502,70,113.81,7765.98,Month-to-month,Fiber optic,Credit card,No,No,1
C10504,Customer 10504,customer10504@example.com,+91-9000010503,63,106.18,6877.05,Month-to-month,No,Credit card,No,Yes,0
C10505,Customer 10505,customer10505@example.com,+91-9000010504,20,59.96,1219.23,Two year,Fiber optic,Credit card,No,No,1
C10506,Customer 10506,customer10506@example.com,+91-9000010505,33,82.86,2734.08,Month-to-month,DSL,Electronic check,No,No,1
C10507,Customer 10507,customer10507@example.com,+91-9000010506,39,39.1,1464.57,Month-to-month,Fiber optic,Bank transfer,No,Yes,1
C10508,Customer 10508,customer10508@example.com,+91-9000010507,18,122.23,2209.2,Month-to-month,No,Mailed check,Yes,No,1
C10509,Customer 10509,customer10509@example.com,+91-9000010508,20,115.29,2291.67,Two year,Fiber optic,Bank transfer,Yes,No,0
C10510,Customer 10510,customer10510@example.com,+91-9000010509,18,117.19,2227.97,Month-to-month,DSL,Bank transfer,No,No,1
C10511,Customer 10511,customer10511@example.com,+91-9000010510,72,58.22,4456.32,Two year,DSL,Mailed check,No,No,0
C10512,Customer 10512,customer10512@example.com,+91-9000010511,54,41.91,2357.01,Two year,Fiber optic,Electronic check,No,No,0
C10513,Customer 10513,customer10513@example.com,+91-9000010512,61,46.18,2735.69,Month-to-month,No,Credit card,Yes,Yes,0
C10514,Customer 10514,customer10514@example.com,+91-9000010513,59,34.0,1857.75,Two year,Fiber optic,Credit card,Yes,Yes,0
C10515,Customer 10515,customer10515@example.com,+91-9000010514,70,37.01,2767.01,One year,DSL,Electronic check,No,No,1
C10516,Customer 10516,customer10516@example.com,+91-9000010515,8,32.13,277.27,Month-to-month,Fiber optic,Credit card,Yes,No,0
C10517,Customer 10517,customer10517@example.com,+91-9000010516,64,123.98,7461.2,Month-to-month,Fiber optic,Bank transfer,No,No,1
C10518,Customer 10518,customer10518@example.com,+91-9000010517,5,32.41,166.86,Two year,Fiber optic,Credit card,No,No,0
C10519,Customer 10519,customer10519@example.com,+91-9000010518,35,38.25,1322.72,One year,Fiber optic,Mailed check,Yes,No,1
C10520,Customer 10520,customer10520@example.com,+91-9000010519,43,107.73,4371.88,One year,Fiber optic,Credit card,Yes,No,0
C10521,Customer 10521,customer10521@example.com,+91-9000010520,26,83.02,2330.55,Two year,DSL,Electronic check,No,No,1
C10522,Customer 10522,customer10522@example.com,+91-9000010521,11,102.44,1204.95,Month-to-month,Fiber optic,Credit card,No,No,1
C10523,Customer 10523,customer10523@example.com,+91-9000010522,14,88.09,1328.49,Two year,Fiber optic,Mailed check,Yes,No,0
C10524,Customer 10524,customer10524@example.com,+91-9000010523,60,113.22,6406.15,Two year,No,Bank transfer,No,No,1
C10525,Customer 10525,customer10525@example.com,+91-9000010524,23,88.85,2040.91,Month-to-month,Fiber optic,Bank transfer,Yes,No,1
C10526,Customer 10526,customer10526@example.com,+91-9000010525,23,77.21,1888.28,Month-to-month,Fiber optic,Electronic check,Yes,No,1
C10527,Customer 10527,customer10527@example.com,+91-9000010526,67,96.27,6630.86,Month-to-month,Fiber optic,Credit card,Yes,No,0
C10528,Customer 10528,customer10528@example.com,+91-9000010527,11,69.74,759.11,Two year,Fiber optic,Electronic check,Yes,Yes,1
C10529,Customer 10529,customer10529@example.com,+91-9000010528,66,59.61,3944.77,Month-to-month,Fiber optic,Electronic check,No,No,1
C10530,Customer 10530,customer10530@example.com,+91-9000010529,67,71.77,4453.6,One year,Fiber optic,Mailed check,No,No,0
C10531,Customer 10531,customer10531@example.com,+91-9000010530,44,41.97,1879.63,Month-to-month,Fiber optic,Mailed check,Yes,No,0
C10532,Customer 10532,customer10532@example.com,+91-9000010531,12,104.66,1328.2,Month-to-month,Fiber optic,Mailed check,No,Yes,1
C10533,Customer 10533,customer10533@example.com,+91-9000010532,12,51.07,564.09,One year,Fiber optic,Bank transfer,No,No,1
C10534,Customer 10534,customer10534@example.com,+91-9000010533,21,40.35,801.25,Month-to-month,DSL,Electronic check,No,No,1
C10535,Customer 10535,customer10535@example.com,+91-9000010534,42,49.64,2090.88,Two year,Fiber optic,Bank transfer,No,No,0
C10536,Customer 10536,customer10536@example.com,+91-9000010535,12,109.21,1323.3,Month-to-month,Fiber optic,Electronic check,Yes,Yes,0
C10537,Customer 10537,customer10537@example.com,+91-9000010536,33,58.02,1866.67,Two year,Fiber optic,Credit card,No,No,0
C10538,Customer 10538,customer10538@example.com,+91-9000010537,9,93.6,778.77,Month-to-month,Fiber optic,Bank transfer,Yes,Yes,0
C10539,Customer 10539,customer10539@example.com,+91-9000010538,39,110.64,4483.14,Two year,Fiber optic,Bank transfer,No,Yes,0
C10540,Customer 10540,customer10540@example.com,+91-9000010539,2,32.77,62.84,One year,Fiber optic,Electronic check,Yes,Yes,0
C10541,Customer 10541,customer10541@example.com,+91-9000010540,52,101.5,5400.09,Month-to-month,Fiber optic,Bank transfer,No,No,1
C10542,Customer 10542,customer10542@example.com,+91-9000010541,4,55.77,225.19,Month-to-month,DSL,Credit card,No,No,1
C10543,Customer 10543,customer10543@example.com,+91-9000010542,15,46.66,692.15,Month-to-month,Fiber optic,Credit card,No,No,0
C10544,Customer 10544,customer10544@example.com,+91-9000010543,13,93.89,1238.2,One year,Fiber optic,Electronic check,Yes,No,0
C10545,Customer 10545,customer10545@example.com,+91-9000010544,60,115.98,7175.96,Two year,Fiber optic,Electronic check,No,No,1
C10546,Customer 10546,customer10546@example.com,+91-9000010545,4,54.5,220.52,Month-to-month,Fiber optic,Bank transfer,No,No,1
C10547,Customer 10547,customer10547@example.com,+91-9000010546,31,81.88,2561.64,Month-to-month,Fiber optic,Electronic check,No,Yes,1
C10548,Customer 10548,customer10548@example.com,+91-9000010547,43,53.98,2297.4,One year,DSL,Mailed check,Yes,Yes,0
C10549,Customer 10549,customer10549@example.com,+91-9000010548,38,80.43,3022.13,Month-to-month,Fiber optic,Bank transfer,Yes,Yes,0
C10550,Customer 10550,customer10550@example.com,+91-9000010549,50,87.19,4353.2,One year,DSL,Electronic check,Yes,No,0
C10551,Customer 10551,customer10551@example.com,+91-9000010550,58,86.03,4951.48,Month-to-month,Fiber optic,Credit card,No,No,1
C10552,Customer 10552,customer10552@example.com,+91-9000010551,29,87.35,2508.44,One year,Fiber optic,Electronic check,No,No,1
C10553,Customer 10553,customer10553@example.com,+91-9000010552,60,38.51,2203.52,Two year,Fiber optic,Electronic check,No,No,1
C10554,Customer 10554,customer10554@example.com,+91-9000010553,23,94.35,2248.12,Month-to-month,Fiber optic,Bank transfer,No,Yes,1
C10555,Customer 10555,customer10555@example.com,+91-9000010554,71,92.48,6180.47,Month-to-month,No,Electronic check,No,No,0
C10556,Customer 10556,customer10556@example.com,+91-9000010555,37,93.26,3676.27,Month-to-month,Fiber optic,Bank transfer,No,No,1
C10557,Customer 10557,customer10557@example.com,+91-9000010556,53,32.41,1752.04,One year,Fiber optic,Credit card,No,Yes,0
C10558,Customer 10558,customer10558@example.com,+91-9000010557,64,69.68,4137.65,Month-to-month,No,Mailed check,No,No,0
C10559,Customer 10559,customer10559@example.com,+91-9000010558,58,65.9,3919.44,Two year,Fiber optic,Electronic check,Yes,No,0
C10560,Customer 10560,customer10560@example.com,+91-9000010559,62,33.67,2041.28,One year,Fiber optic,Bank transfer,No,Yes,0
C10561,Customer 10561,customer10561@example.com,+91-9000010560,39,47.24,1969.05,Month-to-month,DSL,Electronic check,No,Yes,1
C10562,Customer 10562,customer10562@example.com,+91-9000010561,4,69.1,295.69,One year,DSL,Bank transfer,No,Yes,0
C10563,Customer 10563,customer10563@example.com,+91-9000010562,36,99.29,3772.28,Month-to-month,DSL,Electronic check,No,No,1
C10564,Customer 10564,customer10564@example.com,+91-9000010563,14,48.71,689.34,Two year,DSL,Bank transfer,No,No,0
C10565,Customer 10565,customer10565@example.com,+91-9000010564,65,107.97,7488.74,Month-to-month,Fiber optic,Electronic check,No,No,0
C10566,Customer 10566,customer10566@example.com,+91-9000010565,18,79.58,1466.77,One year,DSL,Mailed check,No,Yes,0
C10567,Customer 10567,customer10567@example.com,+91-9000010566,17,101.04,1820.78,Two year,Fiber optic,Mailed check,No,No,1
C10568,Customer 10568,customer10568@example.com,+91-9000010567,18,72.26,1229.93,One year,DSL,Electronic check,Yes,No,0
C10569,Customer 10569,customer10569@example.com,+91-9000010568,47,74.92,3748.95,Two year,DSL,Credit card,Yes,No,0
C10570,Customer 10570,customer10570@example.com,+91-9000010569,42,86.97,3747.18,Month-to-month,No,Electronic check,No,No,0
C10571,Customer 10571,customer10571@example.com,+91-9000010570,69,117.8,7872.36,Two year,Fiber optic,Credit card,No,No,0
C10572,Customer 10572,customer10572@example.com,+91-9000010571,30,74.18,2402.65,One year,No,Electronic check,Yes,No,0
C10573,Customer 10573,customer10573@example.com,+91-9000010572,21,77.87,1684.17,One year,Fiber optic,Electronic check,No,No,1
C10574,Customer 10574,customer10574@example.com,+91-9000010573,4,85.2,363.07,Month-to-month,DSL,Credit card,No,Yes,0
C10575,Customer 10575,customer10575@example.com,+91-9000010574,1,98.75,90.94,Month-to-month,Fiber optic,Bank transfer,No,No,1
C10576,Customer 10576,customer10576@example.com,+91-9000010575,27,32.19,876.41,One year,Fiber optic,Bank transfer,Yes,No,1
C10577,Customer 10577,customer10577@example.com,+91-9000010576,67,76.57,5304.64,Month-to-month,DSL,Bank transfer,No,Yes,0
C10578,Customer 10578,customer10578@example.com,+91-9000010577,38,73.16,2563.78,One year,No,Electronic check,Yes,Yes,0
C10579,Customer 10579,customer10579@example.com,+91-9000010578,65,117.17,7936.0,Two year,Fiber optic,Electronic check,Yes,No,0
C10580,Customer 10580,customer10580@example.com,+91-9000010579,8,74.35,609.21,Two year,Fiber optic,Bank transfer,Yes,Yes,0
C10581,Customer 10581,customer10581@example.com,+91-9000010580,7,71.83,484.69,Month-to-month,Fiber optic,Bank transfer,Yes,Yes,0
C10582,Customer 10582,customer10582@example.com,+91-9000010581,61,121.22,7617.96,Two year,Fiber optic,Electronic check,Yes,No,0
C10583,Customer 10583,customer10583@example.com,+91-9000010582,8,70.06,527.38,Month-to-month,DSL,Electronic check,No,Yes,1
C10584,Customer 10584,customer10584@example.com,+91-9000010583,4,43.09,181.3,Month-to-month,No,Bank transfer,No,Yes,1
C10585,Customer 10585,customer10585@example.com,+91-9000010584,30,46.69,1482.78,Two year,Fiber optic,Bank transfer,Yes,Yes,0
C10586,Customer 10586,customer10586@example.com,+91-9000010585,67,34.52,2307.47,Month-to-month,DSL,Credit card,No,Yes,0
C10587,Customer 10587,customer10587@example.com,+91-9000010586,50,25.06,1254.49,Month-to-month,DSL,Bank transfer,No,No,1
C10588,Customer 10588,customer10588@example.com,+91-9000010587,8,68.19,536.97,Month-to-month,Fiber optic,Bank transfer,No,No,0
C10589,Customer 10589,customer10589@example.com,+91-9000010588,61,101.92,6063.27,Month-to-month,No,Bank transfer,No,Yes,1
C10590,Customer 10590,customer10590@example.com,+91-9000010589,61,98.35,6357.29,Two year,No,Electronic check,Yes,No,0
C10591,Customer 10591,customer10591@example.com,+91-9000010590,58,28.21,1585.1,Month-to-month,Fiber optic,Electronic check,No,No,1
C10592,Customer 10592,customer10592@example.com,+91-9000010591,65,82.0,5247.15,Month-to-month,No,Electronic check,No,Yes,1
C10593,Customer 10593,customer10593@example.com,+91-9000010592,18,40.43,704.44,One year,Fiber optic,Credit card,No,No,0
C10594,Customer 10594,customer10594@example.com,+91-9000010593,71,119.11,8668.86,Month-to-month,DSL,Electronic check,No,Yes,0
C10595,Customer 10595,customer10595@example.com,+91-9000010594,24,41.74,1052.12,One year,Fiber optic,Bank transfer,No,Yes,1
C10596,Customer 10596,customer10596@example.com,+91-9000010595,58,87.66,4811.22,Two year,DSL,Bank transfer,No,Yes,0
C10597,Customer 10597,customer10597@example.com,+91-9000010596,42,57.62,2325.07,One year,DSL,Bank transfer,No,Yes,0
C10598,Customer 10598,customer10598@example.com,+91-9000010597,57,89.16,4760.2,Two year,Fiber optic,Credit card,No,No,0
C10599,Customer 10599,customer10599@example.com,+91-9000010598,46,66.23,2880.94,Month-to-month,DSL,Credit card,Yes,No,1
C10600,Customer 10600,customer10600@example.com,+91-9000010599,47,100.96,4674.42,Two year,No,Electronic check,Yes,No,0
C10601,Customer 10601,customer10601@example.com,+91-9000010600,45,48.07,2258.63,Month-to-month,No,Credit card,Yes,Yes,0
C10602,Customer 10602,customer10602@example.com,+91-9000010601,57,115.58,6631.93,Month-to-month,Fiber optic,Bank transfer,Yes,No,0
C10603,Customer 10603,customer10603@example.com,+91-9000010602,54,75.02,3761.53,One year,Fiber optic,Electronic check,No,No,1
C10604,Customer 10604,customer10604@example.com,+91-9000010603,10,100.61,1026.24,Month-to-month,Fiber optic,Credit card,No,Yes,1
C10605,Customer 10605,customer10605@example.com,+91-9000010604,60,109.97,6909.96,Two year,DSL,Credit card,Yes,No,1
C10606,Customer 10606,customer10606@example.com,+91-9000010605,39,124.88,4787.3,One year,DSL,Electronic check,Yes,No,0
C10607,Customer 10607,customer10607@example.com,+91-9000010606,24,47.39,1090.96,Two year,DSL,Mailed check,Yes,Yes,0
C10608,Customer 10608,customer10608@example.com,+91-9000010607,38,53.69,2126.38,Month-to-month,DSL,Bank transfer,No,No,1
C10609,Customer 10609,customer10609@example.com,+91-9000010608,70,50.04,3235.97,Month-to-month,DSL,Bank transfer,No,Yes,0
C10610,Customer 10610,customer10610@example.com,+91-9000010609,62,51.29,3340.55,One year,DSL,Electronic check,No,No,0
C10611,Customer 10611,customer10611@example.com,+91-9000010610,61,83.24,5324.83,Month-to-month,DSL,Electronic check,No,Yes,1
C10612,Customer 10612,customer10612@example.com,+91-9000010611,34,124.35,4490.36,Month-to-month,No,Bank transfer,No,Yes,0
C10613,Customer 10613,customer10613@example.com,+91-9000010612,57,124.03,6605.35,One year,DSL,Bank transfer,No,No,0
C10614,Customer 10614,customer10614@example.com,+91-9000010613,28,77.68,2038.54,Two year,DSL,Bank transfer,No,No,1
C10615,Customer 10615,customer10615@example.com,+91-9000010614,50,88.9,4710.1,One year,Fiber optic,Credit card,No,Yes,0
C10616,Customer 10616,customer10616@example.com,+91-9000010615,47,111.0,5196.35,Month-to-month,Fiber optic,Electronic check,No,No,1
C10617,Customer 10617,customer10617@example.com,+91-9000010616,18,118.29,2092.54,Month-to-month,Fiber optic,Credit card,No,No,1
C10618,Customer 10618,customer10618@example.com,+91-9000010617,20,45.39,918.45,One year,DSL,Credit card,No,No,0
C10619,Customer 10619,customer10619@example.com,+91-9000010618,5,77.85,361.76,Month-to-month,Fiber optic,Credit card,Yes,No,1
C10620,Customer 10620,customer10620@example.com,+91-9000010619,11,108.28,1218.47,Month-to-month,Fiber optic,Credit card,Yes,No,1
C10621,Customer 10621,customer10621@example.com,+91-9000010620,32,55.32,1896.3,Month-to-month,Fiber optic,Mailed check,Yes,No,0
C10622,Customer 10622,customer10622@example.com,+91-9000010621,35,68.98,2482.18,Month-to-month,Fiber optic,Electronic check,No,Yes,0
C10623,Customer 10623,customer10623@example.com,+91-9000010622,12,123.56,1474.31,Month-to-month,Fiber optic,Credit card,No,No,1
C10624,Customer 10624,customer10624@example.com,+91-9000010623,31,123.5,4110.82,Month-to-month,Fiber optic,Mailed check,Yes,Yes,1
C10625,Customer 10625,customer10625@example.com,+91-9000010624,44,115.61,5240.27,One year,DSL,Bank transfer,No,Yes,0
C10626,Customer 10626,customer10626@example.com,+91-9000010625,17,104.84,1655.94,Month-to-month,Fiber optic,Electronic check,No,No,1
C10627,Customer 10627,customer10627@example.com,+91-9000010626,25,51.91,1333.06,One year,DSL,Mailed check,No,Yes,0
C10628,Customer 10628,customer10628@example.com,+91-9000010627,27,57.09,1432.84,Month-to-month,DSL,Electronic check,Yes,No,0
C10629,Customer 10629,customer10629@example.com,+91-9000010628,37,79.73,2859.02,Two year,Fiber optic,Electronic check,Yes,No,0
C10630,Customer 10630,customer10630@example.com,+91-9000010629,27,81.08,2229.68,Month-to-month,DSL,Electronic check,No,No,1
C10631,Customer 10631,customer10631@example.com,+91-9000010630,54,75.55,3894.07,Month-to-month,DSL,Bank transfer,No,No,0
C10632,Customer 10632,customer10632@example.com,+91-9000010631,24,88.67,1970.84,Month-to-month,Fiber optic,Bank transfer,No,No,1
C10633,Customer 10633,customer10633@example.com,+91-9000010632,32,65.83,2146.32,Month-to-month,Fiber optic,Bank transfer,No,No,1
C10634,Customer 10634,customer10634@example.com,+91-9000010633,28,99.92,2701.9,Month-to-month,Fiber optic,Mailed check,No,Yes,0
C10635,Customer 10635,customer10635@example.com,+91-9000010634,14,58.35,821.21,Two year,No,Bank transfer,Yes,Yes,0
C10636,Customer 10636,customer10636@example.com,+91-9000010635,50,58.07,2792.54,Two year,No,Bank transfer,No,No,0
C10637,Customer 10637,customer10637@example.com,+91-9000010636,17,37.72,660.37,Month-to-month,Fiber optic,Mailed check,No,No,1
C10638,Customer 10638,customer10638@example.com,+91-9000010637,22,43.87,1026.25,Month-to-month,DSL,Credit card,Yes,No,0
C10639,Customer 10639,customer10639@example.com,+91-9000010638,58,110.05,5960.67,One year,Fiber optic,Electronic check,No,Yes,0
C10640,Customer 10640,customer10640@example.com,+91-9000010639,69,69.63,5024.57,One year,Fiber optic,Electronic check,Yes,Yes,0
C10641,Customer 10641,customer10641@example.com,+91-9000010640,49,47.79,2212.86,Month-to-month,Fiber optic,Bank transfer,No,No,1
C10642,Customer 10642,customer10642@example.com,+91-9000010641,66,100.93,6479.56,One year,DSL,Credit card,Yes,No,0
C10643,Customer 10643,customer10643@example.com,+91-9000010642,62,80.4,4871.04,Month-to-month,DSL,Bank transfer,No,No,1
C10644,Customer 10644,customer10644@example.com,+91-9000010643,35,27.12,904.6,One year,DSL,Electronic check,No,No,0
C10645,Customer 10645,customer10645@example.com,+91-9000010644,56,56.64,2956.27,Month-to-month,DSL,Credit card,Yes,No,0
C10646,Customer 10646,customer10646@example.com,+91-9000010645,24,42.7,1068.82,Month-to-month,DSL,Credit card,Yes,Yes,0
C10647,Customer 10647,customer10647@example.com,+91-9000010646,34,90.59,3224.76,Month-to-month,No,Bank transfer,Yes,No,1
C10648,Customer 10648,customer10648@example.com,+91-9000010647,39,52.5,2210.26,One year,DSL,Credit card,Yes,Yes,0
C10649,Customer 10649,customer10649@example.com,+91-9000010648,70,31.49,2357.58,Month-to-month,Fiber optic,Credit card,No,Yes,1
C10650,Customer 10650,customer10650@example.com,+91-9000010649,62,30.49,1870.61,One year,No,Credit card,No,No,0
C10651,Customer 10651,customer10651@example.com,+91-9000010650,36,83.17,2818.49,One year,Fiber optic,Credit card,Yes,Yes,0
C10652,Customer 10652,customer10652@example.com,+91-9000010651,47,27.17,1177.02,One year,Fiber optic,Credit card,No,Yes,1
C10653,Customer 10653,customer10653@example.com,+91-9000010652,15,109.88,1656.51,Month-to-month,Fiber optic,Bank transfer,No,No,1
C10654,Customer 10654,customer10654@example.com,+91-9000010653,58,40.54,2486.97,Month-to-month,DSL,Bank transfer,Yes,No,0
C10655,Customer 10655,customer10655@example.com,+91-9000010654,40,85.66,3299.16,Month-to-month,Fiber optic,Credit card,Yes,No,0
C10656,Customer 10656,customer10656@example.com,+91-9000010655,39,69.47,2578.82,One year,Fiber optic,Bank transfer,No,No,0
C10657,Customer 10657,customer10657@example.com,+91-9000010656,56,69.29,3842.34,Two year,Fiber optic,Bank transfer,No,Yes,0
C10658,Customer 10658,customer10658@example.com,+91-9000010657,46,32.18,1573.49,Month-to-month,Fiber optic,Electronic check,No,No,1
C10659,Customer 10659,customer10659@example.com,+91-9000010658,6,105.28,626.8,Two year,No,Credit card,No,Yes,0
C10660,Customer 10660,customer10660@example.com,+91-9000010659,21,114.31,2486.05,Month-to-month,Fiber optic,Bank transfer,No,No,0
C10661,Customer 10661,customer10661@example.com,+91-9000010660,13,26.1,337.27,Month-to-month,Fiber optic,Electronic check,No,Yes,1
C10662,Customer 10662,customer10662@example.com,+91-9000010661,53,42.86,2225.41,Month-to-month,Fiber optic,Electronic check,No,Yes,1
C10663,Customer 10663,customer10663@example.com,+91-9000010662,3,115.39,342.9,One year,Fiber optic,Electronic check,No,Yes,1
C10664,Customer 10664,customer10664@example.com,+91-9000010663,15,79.95,1250.75,Month-to-month,Fiber optic,Mailed check,Yes,No,1
C10665,Customer 10665,customer10665@example.com,+91-9000010664,44,40.0,1831.64,Month-to-month,Fiber optic,Credit card,No,Yes,1
C10666,Customer 10666,customer10666@example.com,+91-9000010665,51,45.28,2284.07,One year,No,Bank transfer,No,No,0
C10667,Customer 10667,customer10667@example.com,+91-9000010666,37,91.0,3241.81,Month-to-month,DSL,Bank transfer,No,No,1
C10668,Customer 10668,customer10668@example.com,+91-9000010667,62,97.48,5694.8,Month-to-month,Fiber optic,Credit card,No,No,1
C10669,Customer 10669,customer10669@example.com,+91-9000010668,67,84.94,5236.95,Month-to-month,DSL,Bank transfer,No,No,1
C10670,Customer 10670,customer10670@example.com,+91-9000010669,10,120.31,1128.65,Month-to-month,Fiber optic,Mailed check,No,Yes,1
C10671,Customer 10671,customer10671@example.com,+91-9000010670,69,74.41,4858.81,Month-to-month,Fiber optic,Electronic check,No,No,1
C10672,Customer 10672,customer10672@example.com,+91-9000010671,45,55.03,2551.61,Month-to-month,Fiber optic,Electronic check,No,No,1
C10673,Customer 10673,customer10673@example.com,+91-9000010672,46,72.72,3515.27,One year,Fiber optic,Bank transfer,No,No,0
C10674,Customer 10674,customer10674@example.com,+91-9000010673,7,60.97,442.97,Month-to-month,Fiber optic,Electronic check,No,No,1
C10675,Customer 10675,customer10675@example.com,+91-9000010674,45,47.44,2211.05,One year,DSL,Bank transfer,Yes,Yes,0
C10676,Customer 10676,customer10676@example.com,+91-9000010675,53,29.6,1692.88,Month-to-month,DSL,Credit card,Yes,No,1
C10677,Customer 10677,customer10677@example.com,+91-9000010676,42,60.22,2716.44,Month-to-month,DSL,Electronic check,No,Yes,1
C10678,Customer 10678,customer10678@example.com,+91-9000010677,7,96.14,648.09,Month-to-month,No,Bank transfer,No,Yes,0
C10679,Customer 10679,customer10679@example.com,+91-9000010678,38,26.84,962.0,Month-to-month,DSL,Credit card,No,Yes,1
C10680,Customer 10680,customer10680@example.com,+91-9000010679,68,68.92,4426.59,Month-to-month,No,Credit card,No,No,0
C10681,Customer 10681,customer10681@example.com,+91-9000010680,53,89.4,5038.11,Month-to-month,DSL,Bank transfer,No,Yes,0
C10682,Customer 10682,customer10682@example.com,+91-9000010681,10,86.04,805.66,Two year,Fiber optic,Electronic check,No,No,0
C10683,Customer 10683,customer10683@example.com,+91-9000010682,70,102.66,7002.4,Two year,Fiber optic,Bank transfer,Yes,No,1
C10684,Customer 10684,customer10684@example.com,+91-9000010683,70,106.05,7459.54,Month-to-month,Fiber optic,Bank transfer,No,No,1
C10685,Customer 10685,customer10685@example.com,+91-9000010684,13,96.17,1272.9,One year,Fiber optic,Credit card,No,Yes,1
C10686,Customer 10686,customer10686@example.com,+91-9000010685,58,35.28,2077.58,One year,Fiber optic,Bank transfer,No,No,1
C10687,Customer 10687,customer10687@example.com,+91-9000010686,30,72.5,2274.67,Two year,No,Electronic check,No,Yes,0
C10688,Customer 10688,customer10688@example.com,+91-9000010687,43,85.34,3711.71,Month-to-month,Fiber optic,Credit card,No,No,1
C10689,Customer 10689,customer10689@example.com,+91-9000010688,33,49.56,1727.34,Month-to-month,DSL,Bank transfer,No,Yes,1
C10690,Customer 10690,customer10690@example.com,+91-9000010689,57,29.26,1556.98,Month-to-month,DSL,Electronic check,No,No,1
C10691,Customer 10691,customer10691@example.com,+91-9000010690,72,47.36,3605.77,Month-to-month,Fiber optic,Bank transfer,No,Yes,0
C10692,Customer 10692,customer10692@example.com,+91-9000010691,58,70.49,4147.3,Month-to-month,Fiber optic,Mailed check,No,No,1
C10693,Customer 10693,customer10693@example.com,+91-9000010692,68,66.39,4314.39,Two year,Fiber optic,Credit card,Yes,Yes,0
C10694,Customer 10694,customer10694@example.com,+91-9000010693,69,42.67,3169.28,Two year,Fiber optic,Electronic check,Yes,Yes,0
C10695,Customer 10695,customer10695@example.com,+91-9000010694,7,107.44,804.99,Month-to-month,Fiber optic,Credit card,Yes,No,1
C10696,Customer 10696,customer10696@example.com,+91-9000010695,19,117.57,2357.4,Month-to-month,Fiber optic,Electronic check,No,Yes,1
C10697,Customer 10697,customer10697@example.com,+91-9000010696,52,45.13,2501.31,Month-to-month,Fiber optic,Bank transfer,Yes,No,0
C10698,Customer 10698,customer10698@example.com,+91-9000010697,43,117.96,4976.63,Month-to-month,Fiber optic,Bank transfer,No,No,1
C10699,Customer 10699,customer10699@example.com,+91-9000010698,4,26.79,102.49,One year,Fiber optic,Electronic check,No,No,1
C10700,Customer 10700,customer10700@example.com,+91-9000010699,7,117.5,780.77,Month-to-month,No,Electronic check,No,No,1
C10701,Customer 10701,customer10701@example.com,+91-9000010700,38,120.19,4840.35,Two year,Fiber optic,Mailed check,No,No,1
C10702,Customer 10702,customer10702@example.com,+91-9000010701,45,26.21,1241.09,Two year,No,Electronic check,No,No,1
C10703,Customer 10703,customer10703@example.com,+91-9000010702,13,101.3,1418.24,One year,DSL,Credit card,Yes,Yes,0
C10704,Customer 10704,customer10704@example.com,+91-9000010703,13,122.02,1674.65,One year,Fiber optic,Credit card,No,No,1
C10705,Customer 10705,customer10705@example.com,+91-9000010704,10,115.59,1180.38,Month-to-month,Fiber optic,Bank transfer,No,No,1
C10706,Customer 10706,customer10706@example.com,+91-9000010705,41,122.07,4718.42,Month-to-month,Fiber optic,Electronic check,No,Yes,0
C10707,Customer 10707,customer10707@example.com,+91-9000010706,1,80.03,75.74,Month-to-month,DSL,Electronic check,No,Yes,1
C10708,Customer 10708,customer10708@example.com,+91-9000010707,42,32.82,1372.64,One year,Fiber optic,Electronic check,Yes,Yes,0
C10709,Customer 10709,customer10709@example.com,+91-9000010708,35,109.98,4014.23,Month-to-month,Fiber optic,Bank transfer,No,No,1
C10710,Customer 10710,customer10710@example.com,+91-9000010709,34,86.38,2783.39,Two year,No,Mailed check,Yes,Yes,0
C10711,Customer 10711,customer10711@example.com,+91-9000010710,49,86.47,4518.72,Month-to-month,Fiber optic,Credit card,No,No,1
C10712,Customer 10712,customer10712@example.com,+91-9000010711,38,66.73,2610.31,Month-to-month,DSL,Electronic check,Yes,No,1
C10713,Customer 10713,customer10713@example.com,+91-9000010712,53,82.18,4224.74,Month-to-month,Fiber optic,Electronic check,No,No,1
C10714,Customer 10714,customer10714@example.com,+91-9000010713,56,40.36,2399.66,Two year,Fiber optic,Electronic check,Yes,Yes,0
C10715,Customer 10715,customer10715@example.com,+91-9000010714,67,98.98,6736.31,Month-to-month,DSL,Mailed check,Yes,No,1
C10716,Customer 10716,customer10716@example.com,+91-9000010715,58,32.5,1955.32,Month-to-month,Fiber optic,Electronic check,Yes,No,1
C10717,Customer 10717,customer10717@example.com,+91-9000010716,38,97.98,3655.0,Month-to-month,Fiber optic,Electronic check,No,Yes,1
C10718,Customer 10718,customer10718@example.com,+91-9000010717,36,109.9,3889.01,One year,DSL,Bank transfer,Yes,Yes,0
C10719,Customer 10719,customer10719@example.com,+91-9000010718,17,72.25,1132.47,Two year,Fiber optic,Bank transfer,No,Yes,1
C10720,Customer 10720,customer10720@example.com,+91-9000010719,44,75.98,3363.39,Month-to-month,Fiber optic,Electronic check,Yes,No,1
C10721,Customer 10721,customer10721@example.com,+91-9000010720,11,56.22,644.23,Two year,Fiber optic,Credit card,No,Yes,0
C10722,Customer 10722,customer10722@example.com,+91-9000010721,68,121.95,8914.64,Month-to-month,Fiber optic,Electronic check,Yes,Yes,0
C10723,Customer 10723,customer10723@example.com,+91-9000010722,61,98.31,6373.25,One year,DSL,Electronic check,No,Yes,0
C10724,Customer 10724,customer10724@example.com,+91-9000010723,9,61.9,520.29,Month-to-month,No,Electronic check,Yes,Yes,1
C10725,Customer 10725,customer10725@example.com,+91-9000010724,57,42.48,2607.52,Month-to-month,Fiber optic,Electronic check,Yes,No,1
C10726,Customer 10726,customer10726@example.com,+91-9000010725,9,46.96,398.94,One year,DSL,Mailed check,Yes,No,1
C10727,Customer 10727,customer10727@example.com,+91-9000010726,52,71.39,3439.72,Month-to-month,Fiber optic,Bank transfer,Yes,No,0
C10728,Customer 10728,customer10728@example.com,+91-9000010727,7,119.26,868.07,Month-to-month,DSL,Credit card,No,No,1
C10729,Customer 10729,customer10729@example.com,+91-9000010728,36,98.41,3772.83,Two year,Fiber optic,Electronic check,Yes,Yes,0
C10730,Customer 10730,customer10730@example.com,+91-9000010729,48,46.52,2393.66,Two year,Fiber optic,Credit card,No,No,0
C10731,Customer 10731,customer10731@example.com,+91-9000010730,53,110.96,6186.66,Month-to-month,No,Mailed check,No,No,0
C10732,Customer 10732,customer10732@example.com,+91-9000010731,31,62.82,1855.47,One year,No,Electronic check,Yes,No,0
C10733,Customer 10733,customer10733@example.com,+91-9000010732,67,110.17,6972.76,One year,DSL,Mailed check,No,No,0
C10734,Customer 10734,customer10734@example.com,+91-9000010733,56,49.17,2559.22,Month-to-month,Fiber optic,Bank transfer,Yes,Yes,0
C10735,Customer 10735,customer10735@example.com,+91-9000010734,15,86.87,1320.14,Two year,DSL,Credit card,Yes,No,0
C10736,Customer 10736,customer10736@example.com,+91-9000010735,49,117.67,5754.04,Month-to-month,Fiber optic,Electronic check,Yes,No,1
C10737,Customer 10737,customer10737@example.com,+91-9000010736,53,50.79,2523.59,One year,Fiber optic,Bank transfer,Yes,Yes,0
C10738,Customer 10738,customer10738@example.com,+91-9000010737,25,94.29,2343.98,Month-to-month,DSL,Bank transfer,Yes,No,0
C10739,Customer 10739,customer10739@example.com,+91-9000010738,54,123.73,6753.39,Month-to-month,DSL,Mailed check,No,Yes,1
C10740,Customer 10740,customer10740@example.com,+91-9000010739,65,40.06,2696.79,Month-to-month,DSL,Mailed check,No,Yes,1
C10741,Customer 10741,customer10741@example.com,+91-9000010740,59,33.84,1969.15,Month-to-month,DSL,Bank transfer,No,No,1
C10742,Customer 10742,customer10742@example.com,+91-9000010741,55,92.42,4935.37,Two year,DSL,Mailed check,Yes,No,1
C10743,Customer 10743,customer10743@example.com,+91-9000010742,46,58.97,2784.53,Two year,No,Mailed check,No,No,0
C10744,Customer 10744,customer10744@example.com,+91-9000010743,20,32.12,661.34,Month-to-month,Fiber optic,Bank transfer,No,No,1
C10745,Customer 10745,customer10745@example.com,+91-9000010744,58,72.53,4052.22,Month-to-month,Fiber optic,Electronic check,Yes,Yes,0
C10746,Customer 10746,customer10746@example.com,+91-9000010745,27,100.38,2502.04,Month-to-month,Fiber optic,Electronic check,No,No,1
C10747,Customer 10747,customer10747@example.com,+91-9000010746,39,53.51,2235.71,Month-to-month,Fiber optic,Electronic check,Yes,No,0
C10748,Customer 10748,customer10748@example.com,+91-9000010747,23,58.5,1400.46,Month-to-month,Fiber optic,Electronic check,No,Yes,1
C10749,Customer 10749,customer10749@example.com,+91-9000010748,23,109.57,2399.59,Two year,No,Mailed check,No,No,0
C10750,Customer 10750,customer10750@example.com,+91-9000010749,12,77.01,933.83,One year,Fiber optic,Electronic check,No,No,1
C10751,Customer 10751,customer10751@example.com,+91-9000010750,70,109.27,7765.1,Month-to-month,Fiber optic,Credit card,No,Yes,1
C10752,Customer 10752,customer10752@example.com,+91-9000010751,11,69.64,720.2,Month-to-month,No,Bank transfer,No,No,1
C10753,Customer 10753,customer10753@example.com,+91-9000010752,7,120.3,800.56,One year,Fiber optic,Bank transfer,Yes,No,0
C10754,Customer 10754,customer10754@example.com,+91-9000010753,68,90.08,6573.04,Month-to-month,Fiber optic,Electronic check,No,No,1
C10755,Customer 10755,customer10755@example.com,+91-9000010754,40,36.59,1465.48,Month-to-month,No,Bank transfer,Yes,No,0
C10756,Customer 10756,customer10756@example.com,+91-9000010755,32,113.51,3453.0,Month-to-month,Fiber optic,Bank transfer,Yes,No,0
C10757,Customer 10757,customer10757@example.com,+91-9000010756,54,73.93,4182.3,Month-to-month,Fiber optic,Bank transfer,Yes,No,0
C10758,Customer 10758,customer10758@example.com,+91-9000010757,28,39.16,1091.32,Month-to-month,DSL,Electronic check,No,Yes,0
C10759,Customer 10759,customer10759@example.com,+91-9000010758,10,40.27,411.62,One year,DSL,Credit card,No,No,1
C10760,Customer 10760,customer10760@example.com,+91-9000010759,53,93.75,4807.76,Month-to-month,Fiber optic,Electronic check,No,No,1
C10761,Customer 10761,customer10761@example.com,+91-9000010760,13,29.74,359.27,One year,DSL,Bank transfer,No,No,0
C10762,Customer 10762,customer10762@example.com,+91-9000010761,40,53.66,2031.33,Month-to-month,No,Bank transfer,Yes,No,1
C10763,Customer 10763,customer10763@example.com,+91-9000010762,69,38.98,2893.19,Two year,DSL,Electronic check,No,No,0
C10764,Customer 10764,customer10764@example.com,+91-9000010763,68,69.11,4792.41,Month-to-month,Fiber optic,Credit card,Yes,No,1
C10765,Customer 10765,customer10765@example.com,+91-9000010764,26,66.44,1818.95,Month-to-month,DSL,Electronic check,No,No,0
C10766,Customer 10766,customer10766@example.com,+91-9000010765,57,77.19,4062.99,Month-to-month,No,Mailed check,Yes,No,0
C10767,Customer 10767,customer10767@example.com,+91-9000010766,45,52.96,2484.42,Month-to-month,Fiber optic,Mailed check,No,No,1
C10768,Customer 10768,customer10768@example.com,+91-9000010767,35,28.2,984.62,Month-to-month,DSL,Electronic check,No,Yes,1
C10769,Customer 10769,customer10769@example.com,+91-9000010768,11,86.44,975.99,One year,DSL,Electronic check,No,Yes,0
C10770,Customer 10770,customer10770@example.com,+91-9000010769,28,62.37,1706.74,Month-to-month,Fiber optic,Electronic check,Yes,No,1
C10771,Customer 10771,customer10771@example.com,+91-9000010770,47,90.13,4318.03,Month-to-month,No,Mailed check,Yes,Yes,0
C10772,Customer 10772,customer10772@example.com,+91-9000010771,72,35.87,2390.75,Month-to-month,No,Bank transfer,No,Yes,0
C10773,Customer 10773,customer10773@example.com,+91-9000010772,1,26.38,24.46,One year,DSL,Electronic check,Yes,Yes,0
C10774,Customer 10774,customer10774@example.com,+91-9000010773,52,49.83,2715.05,Two year,Fiber optic,Bank transfer,Yes,No,0
C10775,Customer 10775,customer10775@example.com,+91-9000010774,61,70.65,4050.7,One year,DSL,Electronic check,No,No,0
C10776,Customer 10776,customer10776@example.com,+91-9000010775,69,64.41,4098.69,One year,Fiber optic,Bank transfer,No,No,0
C10777,Customer 10777,customer10777@example.com,+91-9000010776,31,106.03,3503.84,One year,Fiber optic,Bank transfer,No,No,0
C10778,Customer 10778,customer10778@example.com,+91-9000010777,9,62.78,543.82,One year,DSL,Electronic check,No,No,0
C10779,Customer 10779,customer10779@example.com,+91-9000010778,20,78.04,1581.37,Month-to-month,Fiber optic,Credit card,Yes,Yes,0
C10780,Customer 10780,customer10780@example.com,+91-9000010779,62,84.35,5513.29,One year,No,Electronic check,No,Yes,0
C10781,Customer 10781,customer10781@example.com,+91-9000010780,64,27.18,1807.96,One year,DSL,Bank transfer,Yes,Yes,0
C10782,Customer 10782,customer10782@example.com,+91-9000010781,46,76.51,3264.16,Month-to-month,DSL,Bank transfer,No,Yes,1
C10783,Customer 10783,customer10783@example.com,+91-9000010782,9,59.48,540.54,One year,DSL,Mailed check,No,No,1
C10784,Customer 10784,customer10784@example.com,+91-9000010783,9,67.13,608.21,Month-to-month,DSL,Bank transfer,Yes,Yes,0
C10785,Customer 10785,customer10785@example.com,+91-9000010784,35,35.03,1196.64,Month-to-month,DSL,Mailed check,Yes,No,1
C10786,Customer 10786,customer10786@example.com,+91-9000010785,43,103.28,4621.21,Month-to-month,Fiber optic,Electronic check,No,No,1
C10787,Customer 10787,customer10787@example.com,+91-9000010786,3,119.24,384.28,One year,DSL,Credit card,No,Yes,1
C10788,Customer 10788,customer10788@example.com,+91-9000010787,50,27.23,1284.64,Two year,Fiber optic,Electronic check,No,No,0
C10789,Customer 10789,customer10789@example.com,+91-9000010788,40,85.14,3212.28,Month-to-month,No,Credit card,No,No,0
C10790,Customer 10790,customer10790@example.com,+91-9000010789,1,101.38,105.19,Month-to-month,No,Electronic check,No,No,1
C10791,Customer 10791,customer10791@example.com,+91-9000010790,7,53.48,371.63,Month-to-month,Fiber optic,Mailed check,Yes,No,1
C10792,Customer 10792,customer10792@example.com,+91-9000010791,33,103.76,3585.82,Month-to-month,DSL,Mailed check,No,No,1
C10793,Customer 10793,customer10793@example.com,+91-9000010792,53,88.24,4408.15,Two year,DSL,Bank transfer,No,No,0
C10794,Customer 10794,customer10794@example.com,+91-9000010793,60,117.92,6554.3,Month-to-month,DSL,Bank transfer,Yes,No,1
C10795,Customer 10795,customer10795@example.com,+91-9000010794,32,123.1,4063.95,Month-to-month,No,Bank transfer,Yes,Yes,1
C10796,Customer 10796,customer10796@example.com,+91-9000010795,22,29.23,693.96,Month-to-month,No,Electronic check,No,No,0
C10797,Customer 10797,customer10797@example.com,+91-9000010796,70,69.49,4548.94,Two year,Fiber optic,Credit card,No,No,0
C10798,Customer 10798,customer10798@example.com,+91-9000010797,34,79.7,2867.77,Month-to-month,DSL,Credit card,No,Yes,1
C10799,Customer 10799,customer10799@example.com,+91-9000010798,23,39.67,895.66,One year,Fiber optic,Bank transfer,No,Yes,0
C10800,Customer 10800,customer10800@example.com,+91-9000010799,32,58.63,1731.11,Month-to-month,DSL,Electronic check,No,Yes,1
C10801,Customer 10801,customer10801@example.com,+91-9000010800,1,123.76,123.96,Month-to-month,No,Mailed check,No,Yes,0
C10802,Customer 10802,customer10802@example.com,+91-9000010801,22,26.62,564.92,One year,DSL,Electronic check,Yes,Yes,0
C10803,Customer 10803,customer10803@example.com,+91-9000010802,38,70.25,2752.11,Month-to-month,Fiber optic,Bank transfer,Yes,No,1
C10804,Customer 10804,customer10804@example.com,+91-9000010803,67,109.27,7072.56,One year,Fiber optic,Electronic check,No,No,0
C10805,Customer 10805,customer10805@example.com,+91-9000010804,54,57.39,3089.99,Month-to-month,DSL,Electronic check,No,No,0
C10806,Customer 10806,customer10806@example.com,+91-9000010805,57,72.98,3960.56,One year,Fiber optic,Electronic check,No,No,1
C10807,Customer 10807,customer10807@example.com,+91-9000010806,40,122.8,5169.86,One year,No,Electronic check,No,Yes,0
C10808,Customer 10808,customer10808@example.com,+91-9000010807,8,72.49,619.39,One year,DSL,Bank transfer,No,No,0
C10809,Customer 10809,customer10809@example.com,+91-9000010808,29,38.09,1087.53,Month-to-month,Fiber optic,Bank transfer,No,Yes,1
C10810,Customer 10810,customer10810@example.com,+91-9000010809,72,30.17,2154.47,One year,Fiber optic,Credit card,No,Yes,0
C10811,Customer 10811,customer10811@example.com,+91-9000010810,4,119.54,515.09,Two year,DSL,Credit card,Yes,No,1
C10812,Customer 10812,customer10812@example.com,+91-9000010811,64,51.58,3112.09,Month-to-month,DSL,Electronic check,No,No,1
C10813,Customer 10813,customer10813@example.com,+91-9000010812,50,75.41,3956.68,Month-to-month,DSL,Electronic check,No,No,0
C10814,Customer 10814,customer10814@example.com,+91-9000010813,21,34.07,723.17,Two year,DSL,Bank transfer,No,No,0
C10815,Customer 10815,customer10815@example.com,+91-9000010814,57,67.37,4074.02,Month-to-month,Fiber optic,Bank transfer,Yes,No,1
C10816,Customer 10816,customer10816@example.com,+91-9000010815,61,118.01,6959.53,One year,Fiber optic,Bank transfer,No,No,0
C10817,Customer 10817,customer10817@example.com,+91-9000010816,4,75.24,291.14,One year,Fiber optic,Electronic check,Yes,No,0
C10818,Customer 10818,customer10818@example.com,+91-9000010817,8,122.11,949.66,Month-to-month,No,Credit card,No,Yes,1
C10819,Customer 10819,customer10819@example.com,+91-9000010818,48,50.88,2253.36,One year,Fiber optic,Electronic check,Yes,Yes,0
C10820,Customer 10820,customer10820@example.com,+91-9000010819,72,75.45,5145.48,One year,Fiber optic,Bank transfer,No,No,0
C10821,Customer 10821,customer10821@example.com,+91-9000010820,2,110.95,239.46,Month-to-month,Fiber optic,Electronic check,No,No,1
C10822,Customer 10822,customer10822@example.com,+91-9000010821,48,69.83,3217.2,Two year,DSL,Bank transfer,Yes,Yes,0
C10823,Customer 10823,customer10823@example.com,+91-9000010822,10,52.95,488.83,Month-to-month,DSL,Bank transfer,No,Yes,1
C10824,Customer 10824,customer10824@example.com,+91-9000010823,47,110.55,5011.74,Month-to-month,Fiber optic,Credit card,Yes,Yes,1
C10825,Customer 10825,customer10825@example.com,+91-9000010824,45,63.99,2837.34,Two year,Fiber optic,Electronic check,No,No,1
C10826,Customer 10826,customer10826@example.com,+91-9000010825,7,78.07,550.67,Month-to-month,Fiber optic,Bank transfer,No,Yes,1
C10827,Customer 10827,customer10827@example.com,+91-9000010826,50,122.65,5709.18,Two year,DSL,Electronic check,No,No,0
C10828,Customer 10828,customer10828@example.com,+91-9000010827,65,43.65,2969.09,Month-to-month,No,Credit card,No,Yes,0
C10829,Customer 10829,customer10829@example.com,+91-9000010828,63,55.14,3654.74,Month-to-month,DSL,Electronic check,Yes,Yes,0
C10830,Customer 10830,customer10830@example.com,+91-9000010829,3,28.11,80.46,Month-to-month,No,Electronic check,No,Yes,1
C10831,Customer 10831,customer10831@example.com,+91-9000010830,18,64.18,1210.4,One year,Fiber optic,Credit card,No,No,0
C10832,Customer 10832,customer10832@example.com,+91-9000010831,18,45.02,792.39,One year,Fiber optic,Electronic check,No,Yes,1
C10833,Customer 10833,customer10833@example.com,+91-9000010832,33,93.0,3031.24,Two year,Fiber optic,Electronic check,Yes,No,1
C10834,Customer 10834,customer10834@example.com,+91-9000010833,11,43.13,507.56,Two year,DSL,Credit card,No,No,0
C10835,Customer 10835,customer10835@example.com,+91-9000010834,62,92.48,6093.29,One year,Fiber optic,Credit card,No,No,0
C10836,Customer 10836,customer10836@example.com,+91-9000010835,56,51.35,2818.14,One year,Fiber optic,Credit card,No,Yes,1
C10837,Customer 10837,customer10837@example.com,+91-9000010836,59,60.52,3563.89,Month-to-month,Fiber optic,Electronic check,No,No,1
C10838,Customer 10838,customer10838@example.com,+91-9000010837,15,59.89,867.67,Two year,DSL,Bank transfer,Yes,Yes,0
C10839,Customer 10839,customer10839@example.com,+91-9000010838,2,96.68,193.84,One year,DSL,Credit card,Yes,No,0
C10840,Customer 10840,customer10840@example.com,+91-9000010839,66,71.65,4866.54,Two year,DSL,Electronic check,No,No,0
C10841,Customer 10841,customer10841@example.com,+91-9000010840,21,61.13,1200.07,Month-to-month,Fiber optic,Credit card,No,No,0
C10842,Customer 10842,customer10842@example.com,+91-9000010841,48,110.26,5648.0,Month-to-month,Fiber optic,Electronic check,Yes,No,1
C10843,Customer 10843,customer10843@example.com,+91-9000010842,66,82.2,5615.19,One year,Fiber optic,Mailed check,Yes,No,0
C10844,Customer 10844,customer10844@example.com,+91-9000010843,3,46.38,130.16,Month-to-month,Fiber optic,Bank transfer,No,No,1
C10845,Customer 10845,customer10845@example.com,+91-9000010844,1,115.01,121.8,Month-to-month,Fiber optic,Bank transfer,No,Yes,1
C10846,Customer 10846,customer10846@example.com,+91-9000010845,1,59.27,61.58,Two year,DSL,Bank transfer,No,No,1
C10847,Customer 10847,customer10847@example.com,+91-9000010846,12,28.9,336.43,Month-to-month,Fiber optic,Electronic check,No,Yes,1
C10848,Customer 10848,customer10848@example.com,+91-9000010847,4,74.46,298.86,Month-to-month,DSL,Electronic check,Yes,Yes,0
C10849,Customer 10849,customer10849@example.com,+91-9000010848,60,37.39,2372.67,Month-to-month,DSL,Credit card,No,No,0
C10850,Customer 10850,customer10850@example.com,+91-9000010849,44,48.85,2310.39,Month-to-month,DSL,Bank transfer,No,No,0
C10851,Customer 10851,customer10851@example.com,+91-9000010850,71,99.71,6831.44,One year,DSL,Bank transfer,Yes,No,1
C10852,Customer 10852,customer10852@example.com,+91-9000010851,58,38.08,2261.84,Two year,DSL,Electronic check,No,No,0
C10853,Customer 10853,customer10853@example.com,+91-9000010852,70,105.69,7824.73,Two year,Fiber optic,Credit card,No,No,1
C10854,Customer 10854,customer10854@example.com,+91-9000010853,18,118.69,2303.29,One year,DSL,Bank transfer,No,No,1
C10855,Customer 10855,customer10855@example.com,+91-9000010854,21,85.65,1675.11,One year,DSL,Electronic check,No,No,1
C10856,Customer 10856,customer10856@example.com,+91-9000010855,62,96.04,5957.93,Month-to-month,DSL,Mailed check,No,No,1
C10857,Customer 10857,customer10857@example.com,+91-9000010856,18,96.36,1838.18,Two year,Fiber optic,Bank transfer,No,Yes,1
C10858,Customer 10858,customer10858@example.com,+91-9000010857,5,124.28,572.0,Month-to-month,Fiber optic,Bank transfer,Yes,No,1
C10859,Customer 10859,customer10859@example.com,+91-9000010858,49,59.15,2869.24,Month-to-month,DSL,Mailed check,Yes,No,1
C10860,Customer 10860,customer10860@example.com,+91-9000010859,58,41.29,2427.08,Two year,DSL,Electronic check,Yes,No,0
C10861,Customer 10861,customer10861@example.com,+91-9000010860,70,76.92,5407.22,Two year,No,Mailed check,No,Yes,0
C10862,Customer 10862,customer10862@example.com,+91-9000010861,67,78.32,5442.87,Month-to-month,Fiber optic,Credit card,No,Yes,0
C10863,Customer 10863,customer10863@example.com,+91-9000010862,9,42.79,358.34,One year,Fiber optic,Bank transfer,No,Yes,1
C10864,Customer 10864,customer10864@example.com,+91-9000010863,56,86.31,5054.08,Month-to-month,Fiber optic,Electronic check,Yes,Yes,1
C10865,Customer 10865,customer10865@example.com,+91-9000010864,61,26.41,1555.12,Month-to-month,Fiber optic,Electronic check,No,No,0
C10866,Customer 10866,customer10866@example.com,+91-9000010865,51,117.77,6317.86,Month-to-month,No,Bank transfer,Yes,Yes,0
C10867,Customer 10867,customer10867@example.com,+91-9000010866,60,51.46,3047.83,Month-to-month,Fiber optic,Electronic check,No,Yes,0
C10868,Customer 10868,customer10868@example.com,+91-9000010867,61,28.96,1637.37,Month-to-month,Fiber optic,Electronic check,No,No,1
C10869,Customer 10869,customer10869@example.com,+91-9000010868,33,35.82,1269.8,Month-to-month,DSL,Bank transfer,Yes,No,0
C10870,Customer 10870,customer10870@example.com,+91-9000010869,3,49.02,153.66,Month-to-month,Fiber optic,Credit card,Yes,Yes,1
C10871,Customer 10871,customer10871@example.com,+91-9000010870,33,52.39,1686.77,Month-to-month,Fiber optic,Electronic check,No,No,1
C10872,Customer 10872,customer10872@example.com,+91-9000010871,15,28.28,408.59,Two year,DSL,Credit card,No,No,1
C10873,Customer 10873,customer10873@example.com,+91-9000010872,9,52.94,483.24,One year,No,Mailed check,Yes,No,1
C10874,Customer 10874,customer10874@example.com,+91-9000010873,9,44.29,429.69,Two year,No,Credit card,No,No,1
C10875,Customer 10875,customer10875@example.com,+91-9000010874,51,62.86,3098.23,Month-to-month,DSL,Credit card,No,No,0
C10876,Customer 10876,customer10876@example.com,+91-9000010875,37,63.52,2518.81,One year,No,Credit card,No,Yes,1
C10877,Customer 10877,customer10877@example.com,+91-9000010876,39,58.9,2234.76,Two year,DSL,Electronic check,Yes,No,0
C10878,Customer 10878,customer10878@example.com,+91-9000010877,54,57.79,3222.57,Month-to-month,Fiber optic,Electronic check,No,No,1
C10879,Customer 10879,customer10879@example.com,+91-9000010878,40,33.97,1333.09,Month-to-month,No,Mailed check,Yes,No,0
C10880,Customer 10880,customer10880@example.com,+91-9000010879,46,27.52,1181.87,Month-to-month,DSL,Credit card,No,No,0
C10881,Customer 10881,customer10881@example.com,+91-9000010880,7,45.21,338.56,Month-to-month,Fiber optic,Credit card,No,Yes,0
C10882,Customer 10882,customer10882@example.com,+91-9000010881,62,100.66,5905.34,Month-to-month,Fiber optic,Mailed check,Yes,Yes,1
C10883,Customer 10883,customer10883@example.com,+91-9000010882,33,124.08,4385.98,Month-to-month,DSL,Electronic check,Yes,No,0
C10884,Customer 10884,customer10884@example.com,+91-9000010883,12,117.85,1324.44,Month-to-month,Fiber optic,Electronic check,No,No,1
C10885,Customer 10885,customer10885@example.com,+91-9000010884,59,75.42,4283.85,One year,DSL,Bank transfer,No,Yes,0
C10886,Customer 10886,customer10886@example.com,+91-9000010885,53,78.18,4422.6,Month-to-month,Fiber optic,Electronic check,No,No,1
C10887,Customer 10887,customer10887@example.com,+91-9000010886,4,56.46,231.57,Month-to-month,DSL,Bank transfer,No,No,1
C10888,Customer 10888,customer10888@example.com,+91-9000010887,14,102.39,1362.24,One year,DSL,Credit card,No,No,0
C10889,Customer 10889,customer10889@example.com,+91-9000010888,2,101.48,205.95,Month-to-month,Fiber optic,Bank transfer,No,Yes,1
C10890,Customer 10890,customer10890@example.com,+91-9000010889,20,109.43,2076.68,Month-to-month,DSL,Electronic check,No,No,1
C10891,Customer 10891,customer10891@example.com,+91-9000010890,8,114.55,971.3,Month-to-month,Fiber optic,Credit card,No,No,1
C10892,Customer 10892,customer10892@example.com,+91-9000010891,52,68.43,3302.06,Month-to-month,Fiber optic,Electronic check,No,No,1
C10893,Customer 10893,customer10893@example.com,+91-9000010892,38,101.69,3882.63,Month-to-month,Fiber optic,Mailed check,No,No,1
C10894,Customer 10894,customer10894@example.com,+91-9000010893,71,105.64,6976.58,Month-to-month,DSL,Electronic check,Yes,No,0
C10895,Customer 10895,customer10895@example.com,+91-9000010894,54,55.85,3110.01,Month-to-month,No,Credit card,No,Yes,0
C10896,Customer 10896,customer10896@example.com,+91-9000010895,45,117.92,5676.4,Two year,Fiber optic,Bank transfer,Yes,No,1
C10897,Customer 10897,customer10897@example.com,+91-9000010896,37,34.43,1341.39,Two year,DSL,Bank transfer,No,Yes,0
C10898,Customer 10898,customer10898@example.com,+91-9000010897,4,124.43,487.51,Month-to-month,Fiber optic,Bank transfer,No,No,1
C10899,Customer 10899,customer10899@example.com,+91-9000010898,6,102.01,586.3,Month-to-month,Fiber optic,Electronic check,Yes,No,1
C10900,Customer 10900,customer10900@example.com,+91-9000010899,45,34.33,1451.18,Month-to-month,Fiber optic,Bank transfer,No,No,0
C10901,Customer 10901,customer10901@example.com,+91-9000010900,1,90.62,96.04,Two year,Fiber optic,Credit card,Yes,No,1
C10902,Customer 10902,customer10902@example.com,+91-9000010901,4,28.42,106.06,Two year,Fiber optic,Credit card,No,Yes,0
C10903,Customer 10903,customer10903@example.com,+91-9000010902,16,102.02,1665.97,Month-to-month,No,Electronic check,No,No,1
C10904,Customer 10904,customer10904@example.com,+91-9000010903,64,104.92,6572.27,Month-to-month,Fiber optic,Credit card,No,No,0
C10905,Customer 10905,customer10905@example.com,+91-9000010904,34,85.24,3128.06,Month-to-month,Fiber optic,Credit card,No,Yes,1
C10906,Customer 10906,customer10906@example.com,+91-9000010905,52,110.69,5764.01,Two year,Fiber optic,Credit card,Yes,Yes,0
C10907,Customer 10907,customer10907@example.com,+91-9000010906,30,34.79,1051.85,Two year,No,Bank transfer,No,No,1
C10908,Customer 10908,customer10908@example.com,+91-9000010907,13,52.59,729.38,Month-to-month,No,Electronic check,No,Yes,0
C10909,Customer 10909,customer10909@example.com,+91-9000010908,27,66.42,1928.09,One year,DSL,Mailed check,Yes,Yes,0
C10910,Customer 10910,customer10910@example.com,+91-9000010909,7,29.25,207.49,Month-to-month,DSL,Bank transfer,No,Yes,0
C10911,Customer 10911,customer10911@example.com,+91-9000010910,56,69.82,4095.21,One year,Fiber optic,Electronic check,Yes,No,1
C10912,Customer 10912,customer10912@example.com,+91-9000010911,14,51.52,736.83,Two year,Fiber optic,Credit card,No,No,0
C10913,Customer 10913,customer10913@example.com,+91-9000010912,28,64.27,1778.66,Month-to-month,Fiber optic,Electronic check,Yes,No,1
C10914,Customer 10914,customer10914@example.com,+91-9000010913,71,67.51,4453.71,Month-to-month,Fiber optic,Credit card,No,No,1
C10915,Customer 10915,customer10915@example.com,+91-9000010914,43,112.94,5025.61,One year,No,Electronic check,Yes,Yes,0
C10916,Customer 10916,customer10916@example.com,+91-9000010915,34,52.03,1825.7,Month-to-month,Fiber optic,Credit card,Yes,No,1
C10917,Customer 10917,customer10917@example.com,+91-9000010916,40,114.37,4294.24,Two year,Fiber optic,Mailed check,No,Yes,0
C10918,Customer 10918,customer10918@example.com,+91-9000010917,57,67.6,3686.78,Month-to-month,DSL,Mailed check,No,No,0
C10919,Customer 10919,customer10919@example.com,+91-9000010918,19,57.78,1138.59,Two year,Fiber optic,Mailed check,Yes,Yes,0
C10920,Customer 10920,customer10920@example.com,+91-9000010919,46,75.25,3267.5,Month-to-month,DSL,Credit card,No,Yes,0
C10921,Customer 10921,customer10921@example.com,+91-9000010920,63,66.77,4335.02,Month-to-month,Fiber optic,Electronic check,No,No,1
C10922,Customer 10922,customer10922@example.com,+91-9000010921,42,50.74,2205.4,Month-to-month,Fiber optic,Mailed check,No,Yes,1
C10923,Customer 10923,customer10923@example.com,+91-9000010922,33,75.27,2425.63,Month-to-month,Fiber optic,Mailed check,Yes,No,1
C10924,Customer 10924,customer10924@example.com,+91-9000010923,11,40.18,424.88,Month-to-month,Fiber optic,Bank transfer,No,No,1
C10925,Customer 10925,customer10925@example.com,+91-9000010924,18,60.19,1061.41,One year,Fiber optic,Bank transfer,No,No,1
C10926,Customer 10926,customer10926@example.com,+91-9000010925,69,81.58,5502.21,Month-to-month,DSL,Electronic check,Yes,Yes,0
C10927,Customer 10927,customer10927@example.com,+91-9000010926,39,66.34,2631.56,Month-to-month,DSL,Bank transfer,No,No,1
C10928,Customer 10928,customer10928@example.com,+91-9000010927,22,107.39,2454.76,Month-to-month,No,Credit card,No,No,0
C10929,Customer 10929,customer10929@example.com,+91-9000010928,31,50.67,1661.69,Month-to-month,No,Bank transfer,Yes,Yes,0
C10930,Customer 10930,customer10930@example.com,+91-9000010929,42,121.98,4737.89,Two year,DSL,Bank transfer,No,No,0
C10931,Customer 10931,customer10931@example.com,+91-9000010930,39,103.47,4181.6,Two year,DSL,Bank transfer,Yes,No,0
C10932,Customer 10932,customer10932@example.com,+91-9000010931,51,121.76,6025.14,Month-to-month,Fiber optic,Electronic check,No,No,1
C10933,Customer 10933,customer10933@example.com,+91-9000010932,19,108.81,2179.41,One year,Fiber optic,Mailed check,No,No,0
C10934,Customer 10934,customer10934@example.com,+91-9000010933,47,39.21,1717.77,One year,Fiber optic,Electronic check,No,No,1
C10935,Customer 10935,customer10935@example.com,+91-9000010934,32,77.65,2505.15,Two year,DSL,Electronic check,No,Yes,0
C10936,Customer 10936,customer10936@example.com,+91-9000010935,68,42.0,2878.24,Month-to-month,Fiber optic,Electronic check,No,No,1
C10937,Customer 10937,customer10937@example.com,+91-9000010936,12,106.82,1246.26,Month-to-month,DSL,Credit card,Yes,Yes,0
C10938,Customer 10938,customer10938@example.com,+91-9000010937,11,83.42,986.67,Month-to-month,DSL,Credit card,Yes,No,1
C10939,Customer 10939,customer10939@example.com,+91-9000010938,34,51.34,1635.78,Two year,DSL,Electronic check,Yes,No,0
C10940,Customer 10940,customer10940@example.com,+91-9000010939,37,117.96,4110.61,One year,Fiber optic,Electronic check,Yes,No,0
C10941,Customer 10941,customer10941@example.com,+91-9000010940,50,36.52,1868.15,Month-to-month,Fiber optic,Bank transfer,No,No,1
C10942,Customer 10942,customer10942@example.com,+91-9000010941,30,81.39,2447.29,Month-to-month,DSL,Electronic check,Yes,Yes,1
C10943,Customer 10943,customer10943@example.com,+91-9000010942,66,97.1,6167.09,One year,Fiber optic,Credit card,Yes,No,0
C10944,Customer 10944,customer10944@example.com,+91-9000010943,35,30.88,1046.95,Two year,Fiber optic,Electronic check,No,Yes,0
C10945,Customer 10945,customer10945@example.com,+91-9000010944,10,84.79,801.37,Month-to-month,Fiber optic,Bank transfer,Yes,No,1
C10946,Customer 10946,customer10946@example.com,+91-9000010945,9,106.59,1015.76,One year,No,Bank transfer,Yes,No,0
C10947,Customer 10947,customer10947@example.com,+91-9000010946,71,31.75,2279.32,Month-to-month,DSL,Bank transfer,Yes,Yes,0
C10948,Customer 10948,customer10948@example.com,+91-9000010947,10,76.22,731.08,Month-to-month,No,Bank transfer,Yes,No,1
C10949,Customer 10949,customer10949@example.com,+91-9000010948,69,50.86,3449.5,Month-to-month,Fiber optic,Electronic check,No,No,1
C10950,Customer 10950,customer10950@example.com,+91-9000010949,21,91.29,2041.83,One year,Fiber optic,Electronic check,No,No,0
C10951,Customer 10951,customer10951@example.com,+91-9000010950,7,36.87,274.06,Two year,Fiber optic,Electronic check,No,No,0
C10952,Customer 10952,customer10952@example.com,+91-9000010951,22,118.71,2431.57,Month-to-month,DSL,Electronic check,No,No,1
C10953,Customer 10953,customer10953@example.com,+91-9000010952,45,114.47,5278.16,Month-to-month,DSL,Mailed check,No,No,1
C10954,Customer 10954,customer10954@example.com,+91-9000010953,31,43.6,1276.55,Month-to-month,No,Electronic check,No,Yes,0
C10955,Customer 10955,customer10955@example.com,+91-9000010954,57,57.33,3116.65,Month-to-month,Fiber optic,Electronic check,No,Yes,0
C10956,Customer 10956,customer10956@example.com,+91-9000010955,44,83.76,3900.2,Month-to-month,Fiber optic,Electronic check,No,Yes,1
C10957,Customer 10957,customer10957@example.com,+91-9000010956,29,96.81,2985.01,Month-to-month,Fiber optic,Credit card,No,Yes,1
C10958,Customer 10958,customer10958@example.com,+91-9000010957,46,69.27,2973.66,Month-to-month,DSL,Mailed check,Yes,Yes,0
C10959,Customer 10959,customer10959@example.com,+91-9000010958,70,40.63,3014.26,Month-to-month,DSL,Credit card,Yes,No,1
C10960,Customer 10960,customer10960@example.com,+91-9000010959,30,35.42,1101.45,Month-to-month,Fiber optic,Bank transfer,Yes,No,0
C10961,Customer 10961,customer10961@example.com,+91-9000010960,12,124.98,1565.92,One year,Fiber optic,Credit card,No,Yes,0
C10962,Customer 10962,customer10962@example.com,+91-9000010961,30,70.54,2215.01,Month-to-month,Fiber optic,Bank transfer,Yes,No,0
C10963,Customer 10963,customer10963@example.com,+91-9000010962,61,112.25,6855.17,One year,Fiber optic,Credit card,No,No,0
C10964,Customer 10964,customer10964@example.com,+91-9000010963,16,73.24,1255.63,Two year,Fiber optic,Credit card,No,Yes,0
C10965,Customer 10965,customer10965@example.com,+91-9000010964,69,117.24,7701.73,One year,Fiber optic,Electronic check,No,No,0
C10966,Customer 10966,customer10966@example.com,+91-9000010965,43,33.78,1453.69,Month-to-month,DSL,Bank transfer,Yes,Yes,0
C10967,Customer 10967,customer10967@example.com,+91-9000010966,44,36.4,1555.1,Month-to-month,Fiber optic,Electronic check,No,No,1
C10968,Customer 10968,customer10968@example.com,+91-9000010967,23,117.96,2853.05,One year,Fiber optic,Electronic check,Yes,No,1
C10969,Customer 10969,customer10969@example.com,+91-9000010968,67,119.75,7487.55,Month-to-month,DSL,Credit card,No,Yes,1
C10970,Customer 10970,customer10970@example.com,+91-9000010969,3,56.47,167.61,Month-to-month,DSL,Electronic check,No,Yes,1
C10971,Customer 10971,customer10971@example.com,+91-9000010970,22,60.52,1389.7,Month-to-month,DSL,Credit card,No,No,1
C10972,Customer 10972,customer10972@example.com,+91-9000010971,31,70.25,2112.36,Month-to-month,DSL,Mailed check,No,Yes,1
C10973,Customer 10973,customer10973@example.com,+91-9000010972,35,66.62,2234.88,Month-to-month,Fiber optic,Bank transfer,No,No,1
C10974,Customer 10974,customer10974@example.com,+91-9000010973,35,44.0,1481.49,One year,DSL,Electronic check,No,No,0
C10975,Customer 10975,customer10975@example.com,+91-9000010974,11,114.84,1306.41,Month-to-month,Fiber optic,Bank transfer,Yes,Yes,1
C10976,Customer 10976,customer10976@example.com,+91-9000010975,17,50.33,826.42,Month-to-month,DSL,Credit card,Yes,No,0
C10977,Customer 10977,customer10977@example.com,+91-9000010976,7,95.53,658.3,Two year,DSL,Electronic check,Yes,No,1
C10978,Customer 10978,customer10978@example.com,+91-9000010977,42,31.72,1341.97,Month-to-month,DSL,Electronic check,No,Yes,0
C10979,Customer 10979,customer10979@example.com,+91-9000010978,26,28.88,803.83,One year,DSL,Bank transfer,No,No,0
C10980,Customer 10980,customer10980@example.com,+91-9000010979,41,90.37,3879.67,Month-to-month,No,Mailed check,No,No,0
C10981,Customer 10981,customer10981@example.com,+91-9000010980,43,58.9,2405.17,Month-to-month,DSL,Electronic check,No,No,1
C10982,Customer 10982,customer10982@example.com,+91-9000010981,51,90.55,4901.11,Two year,DSL,Electronic check,No,Yes,0
C10983,Customer 10983,customer10983@example.com,+91-9000010982,40,34.4,1451.9,Month-to-month,DSL,Mailed check,Yes,Yes,0
C10984,Customer 10984,customer10984@example.com,+91-9000010983,47,119.99,5860.8,Month-to-month,Fiber optic,Electronic check,Yes,No,1
C10985,Customer 10985,customer10985@example.com,+91-9000010984,43,99.85,4305.16,Two year,Fiber optic,Electronic check,No,No,0
C10986,Customer 10986,customer10986@example.com,+91-9000010985,47,112.63,4929.25,One year,Fiber optic,Bank transfer,No,Yes,1
C10987,Customer 10987,customer10987@example.com,+91-9000010986,45,38.65,1798.11,One year,Fiber optic,Electronic check,No,No,1
C10988,Customer 10988,customer10988@example.com,+91-9000010987,23,57.02,1315.31,Month-to-month,Fiber optic,Electronic check,Yes,No,0
C10989,Customer 10989,customer10989@example.com,+91-9000010988,18,61.83,1079.07,Month-to-month,Fiber optic,Bank transfer,No,Yes,1
C10990,Customer 10990,customer10990@example.com,+91-9000010989,57,78.72,4135.21,One year,Fiber optic,Bank transfer,No,No,0
C10991,Customer 10991,customer10991@example.com,+91-9000010990,25,54.69,1308.41,Month-to-month,Fiber optic,Bank transfer,No,No,1
C10992,Customer 10992,customer10992@example.com,+91-9000010991,40,31.06,1263.41,Month-to-month,DSL,Bank transfer,Yes,No,1
C10993,Customer 10993,customer10993@example.com,+91-9000010992,15,61.89,870.76,One year,Fiber optic,Bank transfer,No,No,1
C10994,Customer 10994,customer10994@example.com,+91-9000010993,32,50.45,1654.55,Month-to-month,Fiber optic,Bank transfer,No,No,1
C10995,Customer 10995,customer10995@example.com,+91-9000010994,39,63.59,2606.86,Month-to-month,Fiber optic,Credit card,No,No,0
C10996,Customer 10996,customer10996@example.com,+91-9000010995,46,44.7,1996.38,Month-to-month,No,Credit card,No,No,0
C10997,Customer 10997,customer10997@example.com,+91-9000010996,38,51.19,1815.12,Month-to-month,No,Credit card,No,Yes,1
C10998,Customer 10998,customer10998@example.com,+91-9000010997,26,87.7,2148.75,One year,DSL,Mailed check,No,No,0
C10999,Customer 10999,customer10999@example.com,+91-9000010998,70,63.82,4365.84,Two year,Fiber optic,Credit card,No,No,0
C11000,Customer 11000,customer11000@example.com,+91-9000010999,37,59.54,2313.46,Month-to-month,Fiber optic,Electronic check,No,No,1
C11001,Customer 11001,customer11001@example.com,+91-9000011000,59,78.39,4724.38,Month-to-month,Fiber optic,Mailed check,Yes,Yes,1
C11002,Customer 11002,customer11002@example.com,+91-9000011001,54,102.19,5843.08,Month-to-month,Fiber optic,Mailed check,Yes,Yes,1
C11003,Customer 11003,customer11003@example.com,+91-9000011002,41,62.89,2782.47,Month-to-month,No,Electronic check,No,Yes,0
C11004,Customer 11004,customer11004@example.com,+91-9000011003,64,83.75,5104.92,Month-to-month,Fiber optic,Electronic check,Yes,No,1
C11005,Customer 11005,customer11005@example.com,+91-9000011004,10,121.62,1254.11,Two year,Fiber optic,Bank transfer,Yes,No,1
C11006,Customer 11006,customer11006@example.com,+91-9000011005,67,77.2,5144.69,Month-to-month,DSL,Bank transfer,No,No,0
C11007,Customer 11007,customer11007@example.com,+91-9000011006,62,115.98,7183.26,Month-to-month,Fiber optic,Credit card,No,Yes,0
C11008,Customer 11008,customer11008@example.com,+91-9000011007,37,104.37,3753.92,Two year,No,Bank transfer,Yes,No,0
C11009,Customer 11009,customer11009@example.com,+91-9000011008,53,30.87,1594.88,Month-to-month,Fiber optic,Electronic check,Yes,Yes,0
C11010,Customer 11010,customer11010@example.com,+91-9000011009,38,67.91,2653.37,Two year,DSL,Electronic check,No,No,0
C11011,Customer 11011,customer11011@example.com,+91-9000011010,20,94.83,1933.26,Month-to-month,No,Mailed check,No,Yes,1
C11012,Customer 11012,customer11012@example.com,+91-9000011011,58,123.67,6964.56,Month-to-month,Fiber optic,Electronic check,No,No,0
C11013,Customer 11013,customer11013@example.com,+91-9000011012,18,70.84,1197.3,Two year,Fiber optic,Credit card,No,No,0
C11014,Customer 11014,customer11014@example.com,+91-9000011013,23,34.28,798.31,Month-to-month,DSL,Electronic check,Yes,Yes,1
C11015,Customer 11015,customer11015@example.com,+91-9000011014,38,81.2,3203.79,Month-to-month,Fiber optic,Bank transfer,No,Yes,0
C11016,Customer 11016,customer11016@example.com,+91-9000011015,61,37.66,2318.81,Month-to-month,DSL,Bank transfer,Yes,No,0
C11017,Customer 11017,customer11017@example.com,+91-9000011016,28,100.15,2581.5,One year,DSL,Electronic check,No,Yes,1
C11018,Customer 11018,customer11018@example.com,+91-9000011017,36,75.77,2632.71,One year,Fiber optic,Bank transfer,Yes,No,0
C11019,Customer 11019,customer11019@example.com,+91-9000011018,3,97.34,305.04,Month-to-month,No,Credit card,Yes,Yes,0
C11020,Customer 11020,customer11020@example.com,+91-9000011019,9,111.94,1046.56,One year,Fiber optic,Electronic check,Yes,Yes,1
C11021,Customer 11021,customer11021@example.com,+91-9000011020,5,87.89,405.03,One year,No,Electronic check,No,Yes,0
C11022,Customer 11022,customer11022@example.com,+91-9000011021,6,86.24,514.98,Month-to-month,No,Credit card,Yes,No,1
C11023,Customer 11023,customer11023@example.com,+91-9000011022,63,100.46,6265.51,Month-to-month,DSL,Credit card,Yes,No,1
C11024,Customer 11024,customer11024@example.com,+91-9000011023,61,109.25,6826.62,Month-to-month,DSL,Bank transfer,Yes,Yes,0
C11025,Customer 11025,customer11025@example.com,+91-9000011024,60,111.91,6311.7,Month-to-month,Fiber optic,Credit card,No,No,0
C11026,Customer 11026,customer11026@example.com,+91-9000011025,5,28.64,145.98,Month-to-month,Fiber optic,Electronic check,No,Yes,1
C11027,Customer 11027,customer11027@example.com,+91-9000011026,6,80.62,518.31,Month-to-month,Fiber optic,Electronic check,No,No,1
C11028,Customer 11028,customer11028@example.com,+91-9000011027,21,46.63,959.14,Month-to-month,Fiber optic,Bank transfer,No,Yes,0
C11029,Customer 11029,customer11029@example.com,+91-9000011028,41,111.03,4433.77,Month-to-month,Fiber optic,Credit card,No,No,1
C11030,Customer 11030,customer11030@example.com,+91-9000011029,25,89.84,2076.48,One year,Fiber optic,Credit card,No,Yes,1
C11031,Customer 11031,customer11031@example.com,+91-9000011030,36,67.02,2241.86,Month-to-month,Fiber optic,Electronic check,Yes,No,1
C11032,Customer 11032,customer11032@example.com,+91-9000011031,13,43.81,608.86,Two year,DSL,Bank transfer,No,No,0
C11033,Customer 11033,customer11033@example.com,+91-9000011032,53,58.9,3359.2,Two year,DSL,Credit card,No,No,0
C11034,Customer 11034,customer11034@example.com,+91-9000011033,23,95.38,2020.22,One year,DSL,Electronic check,Yes,No,0
C11035,Customer 11035,customer11035@example.com,+91-9000011034,5,45.44,241.77,Two year,No,Bank transfer,No,Yes,0
C11036,Customer 11036,customer11036@example.com,+91-9000011035,54,34.36,1758.65,Two year,No,Bank transfer,Yes,No,0
C11037,Customer 11037,customer11037@example.com,+91-9000011036,66,113.8,7584.54,Month-to-month,Fiber optic,Electronic check,No,No,1
C11038,Customer 11038,customer11038@example.com,+91-9000011037,2,101.42,208.62,One year,DSL,Electronic check,No,No,1
C11039,Customer 11039,customer11039@example.com,+91-9000011038,32,44.98,1406.9,Month-to-month,Fiber optic,Electronic check,No,No,1
C11040,Customer 11040,customer11040@example.com,+91-9000011039,60,54.23,3268.89,One year,DSL,Mailed check,Yes,No,0
C11041,Customer 11041,customer11041@example.com,+91-9000011040,51,122.21,6359.9,Month-to-month,Fiber optic,Electronic check,No,No,1
C11042,Customer 11042,customer11042@example.com,+91-9000011041,62,95.82,5649.91,Month-to-month,DSL,Electronic check,No,No,1
C11043,Customer 11043,customer11043@example.com,+91-9000011042,30,86.05,2785.65,Month-to-month,Fiber optic,Electronic check,Yes,No,1
C11044,Customer 11044,customer11044@example.com,+91-9000011043,27,55.76,1434.19,Two year,DSL,Electronic check,No,No,0
C11045,Customer 11045,customer11045@example.com,+91-9000011044,52,54.91,2631.62,Month-to-month,Fiber optic,Electronic check,No,No,1
C11046,Customer 11046,customer11046@example.com,+91-9000011045,12,28.95,372.1,Month-to-month,No,Bank transfer,No,No,0
C11047,Customer 11047,customer11047@example.com,+91-9000011046,18,97.85,1741.33,Month-to-month,Fiber optic,Electronic check,No,No,1
C11048,Customer 11048,customer11048@example.com,+91-9000011047,44,29.32,1269.15,Month-to-month,DSL,Electronic check,Yes,Yes,0
C11049,Customer 11049,customer11049@example.com,+91-9000011048,49,25.49,1204.18,Two year,No,Electronic check,Yes,No,0
C11050,Customer 11050,customer11050@example.com,+91-9000011049,9,97.95,814.67,One year,Fiber optic,Bank transfer,Yes,No,0
C11051,Customer 11051,customer11051@example.com,+91-9000011050,37,119.89,4268.83,Month-to-month,Fiber optic,Electronic check,Yes,Yes,1
C11052,Customer 11052,customer11052@example.com,+91-9000011051,27,100.65,2671.16,Month-to-month,Fiber optic,Bank transfer,No,No,0
C11053,Customer 11053,customer11053@example.com,+91-9000011052,37,72.16,2678.6,Month-to-month,No,Credit card,No,Yes,0
C11054,Customer 11054,customer11054@example.com,+91-9000011053,70,73.6,5117.09,Month-to-month,Fiber optic,Credit card,No,Yes,1
C11055,Customer 11055,customer11055@example.com,+91-9000011054,6,68.61,436.63,Two year,Fiber optic,Electronic check,No,No,0
C11056,Customer 11056,customer11056@example.com,+91-9000011055,72,57.46,4409.4,One year,Fiber optic,Credit card,No,No,1
C11057,Customer 11057,customer11057@example.com,+91-9000011056,33,77.17,2472.11,Month-to-month,DSL,Credit card,Yes,No,0
C11058,Customer 11058,customer11058@example.com,+91-9000011057,56,68.12,4095.21,One year,Fiber optic,Electronic check,No,Yes,0
C11059,Customer 11059,customer11059@example.com,+91-9000011058,31,84.82,2782.95,Month-to-month,DSL,Bank transfer,No,No,0
C11060,Customer 11060,customer11060@example.com,+91-9000011059,23,114.81,2821.31,One year,Fiber optic,Credit card,No,Yes,0
C11061,Customer 11061,customer11061@example.com,+91-9000011060,56,124.5,7202.17,Month-to-month,Fiber optic,Electronic check,No,No,1
C11062,Customer 11062,customer11062@example.com,+91-9000011061,50,32.87,1564.16,One year,DSL,Bank transfer,No,Yes,0
C11063,Customer 11063,customer11063@example.com,+91-9000011062,11,63.47,664.12,Month-to-month,Fiber optic,Bank transfer,Yes,No,1
C11064,Customer 11064,customer11064@example.com,+91-9000011063,51,43.07,2340.19,Two year,Fiber optic,Electronic check,No,Yes,0
C11065,Customer 11065,customer11065@example.com,+91-9000011064,55,60.21,3315.28,Month-to-month,DSL,Mailed check,No,Yes,0
C11066,Customer 11066,customer11066@example.com,+91-9000011065,28,53.75,1599.02,Month-to-month,DSL,Electronic check,No,No,1
C11067,Customer 11067,customer11067@example.com,+91-9000011066,67,42.45,2944.51,Month-to-month,No,Electronic check,No,No,1
C11068,Customer 11068,customer11068@example.com,+91-9000011067,47,101.41,4547.03,Month-to-month,No,Electronic check,No,No,0
C11069,Customer 11069,customer11069@example.com,+91-9000011068,25,74.63,1831.35,Month-to-month,Fiber optic,Bank transfer,No,No,1
C11070,Customer 11070,customer11070@example.com,+91-9000011069,1,116.92,125.67,One year,DSL,Mailed check,No,Yes,1
C11071,Customer 11071,customer11071@example.com,+91-9000011070,49,28.26,1278.3,One year,DSL,Credit card,No,Yes,0
C11072,Customer 11072,customer11072@example.com,+91-9000011071,16,31.7,524.61,Month-to-month,DSL,Mailed check,No,No,1
C11073,Customer 11073,customer11073@example.com,+91-9000011072,55,65.33,3868.4,One year,Fiber optic,Bank transfer,Yes,Yes,0
C11074,Customer 11074,customer11074@example.com,+91-9000011073,38,33.03,1175.64,One year,No,Bank transfer,No,No,0
C11075,Customer 11075,customer11075@example.com,+91-9000011074,34,51.27,1679.59,Month-to-month,Fiber optic,Bank transfer,No,No,1
C11076,Customer 11076,customer11076@example.com,+91-9000011075,12,123.6,1494.36,Month-to-month,DSL,Electronic check,Yes,No,0
C11077,Customer 11077,customer11077@example.com,+91-9000011076,52,45.9,2518.08,Month-to-month,No,Mailed check,No,No,1
C11078,Customer 11078,customer11078@example.com,+91-9000011077,12,44.81,538.28,Month-to-month,Fiber optic,Bank transfer,Yes,Yes,0
C11079,Customer 11079,customer11079@example.com,+91-9000011078,31,82.36,2373.25,One year,DSL,Bank transfer,Yes,No,0
C11080,Customer 11080,customer11080@example.com,+91-9000011079,61,74.8,4290.63,Two year,Fiber optic,Bank transfer,No,No,1
C11081,Customer 11081,customer11081@example.com,+91-9000011080,67,83.04,5453.25,One year,DSL,Credit card,Yes,No,0
C11082,Customer 11082,customer11082@example.com,+91-9000011081,72,62.67,4384.12,Month-to-month,No,Electronic check,No,No,0
C11083,Customer 11083,customer11083@example.com,+91-9000011082,69,107.68,7096.68,One year,Fiber optic,Credit card,No,No,0
C11084,Customer 11084,customer11084@example.com,+91-9000011083,41,38.86,1679.97,One year,Fiber optic,Credit card,Yes,Yes,1
C11085,Customer 11085,customer11085@example.com,+91-9000011084,15,67.84,940.57,Month-to-month,Fiber optic,Credit card,Yes,No,1
C11086,Customer 11086,customer11086@example.com,+91-9000011085,61,93.98,6034.87,Two year,No,Electronic check,No,Yes,0
C11087,Customer 11087,customer11087@example.com,+91-9000011086,58,111.82,6923.13,Month-to-month,Fiber optic,Electronic check,Yes,No,1
C11088,Customer 11088,customer11088@example.com,+91-9000011087,72,61.96,4553.99,Month-to-month,Fiber optic,Bank transfer,No,Yes,0
C11089,Customer 11089,customer11089@example.com,+91-9000011088,47,81.77,3920.27,Month-to-month,DSL,Credit card,No,No,1
C11090,Customer 11090,customer11090@example.com,+91-9000011089,11,31.91,331.3,Month-to-month,No,Mailed check,No,Yes,0
C11091,Customer 11091,customer11091@example.com,+91-9000011090,37,42.03,1572.11,Two year,Fiber optic,Bank transfer,No,Yes,0
C11092,Customer 11092,customer11092@example.com,+91-9000011091,33,31.91,1032.0,Month-to-month,DSL,Electronic check,No,No,1
C11093,Customer 11093,customer11093@example.com,+91-9000011092,61,97.79,5706.59,Month-to-month,No,Electronic check,Yes,Yes,0
C11094,Customer 11094,customer11094@example.com,+91-9000011093,29,53.81,1581.3,Month-to-month,DSL,Bank transfer,No,No,1
C11095,Customer 11095,customer11095@example.com,+91-9000011094,24,97.37,2150.37,Month-to-month,DSL,Electronic check,No,Yes,1
C11096,Customer 11096,customer11096@example.com,+91-9000011095,6,31.64,183.05,Month-to-month,Fiber optic,Bank transfer,No,Yes,1
C11097,Customer 11097,customer11097@example.com,+91-9000011096,61,111.25,6955.68,Month-to-month,DSL,Credit card,Yes,Yes,1
C11098,Customer 11098,customer11098@example.com,+91-9000011097,55,108.55,5927.3,One year,Fiber optic,Bank transfer,Yes,No,0
C11099,Customer 11099,customer11099@example.com,+91-9000011098,3,33.89,95.91,Month-to-month,DSL,Electronic check,No,Yes,1
C11100,Customer 11100,customer11100@example.com,+91-9000011099,32,27.38,806.25,One year,DSL,Electronic check,Yes,Yes,0
C11101,Customer 11101,customer11101@example.com,+91-9000011100,35,30.63,1032.67,Month-to-month,DSL,Electronic check,No,No,1
C11102,Customer 11102,customer11102@example.com,+91-9000011101,34,110.36,3781.69,One year,DSL,Credit card,No,No,0
C11103,Customer 11103,customer11103@example.com,+91-9000011102,67,48.47,3265.44,Two year,No,Electronic check,No,No,0
C11104,Customer 11104,customer11104@example.com,+91-9000011103,11,79.83,826.3,Month-to-month,Fiber optic,Electronic check,No,Yes,1
C11105,Customer 11105,customer11105@example.com,+91-9000011104,23,67.62,1583.55,Month-to-month,Fiber optic,Electronic check,Yes,No,0
C11106,Customer 11106,customer11106@example.com,+91-9000011105,14,104.55,1580.54,Two year,Fiber optic,Electronic check,No,No,0
C11107,Customer 11107,customer11107@example.com,+91-9000011106,18,73.89,1348.08,Month-to-month,Fiber optic,Bank transfer,No,No,1
C11108,Customer 11108,customer11108@example.com,+91-9000011107,66,75.07,4976.53,One year,DSL,Bank transfer,Yes,Yes,0
C11109,Customer 11109,customer11109@example.com,+91-9000011108,68,123.91,8591.21,Month-to-month,DSL,Bank transfer,No,Yes,1
C11110,Customer 11110,customer11110@example.com,+91-9000011109,4,40.01,169.76,Month-to-month,Fiber optic,Bank transfer,No,No,1
C11111,Customer 11111,customer11111@example.com,+91-9000011110,46,108.07,5325.97,Month-to-month,Fiber optic,Electronic check,Yes,Yes,0
C11112,Customer 11112,customer11112@example.com,+91-9000011111,17,30.17,475.23,Two year,Fiber optic,Bank transfer,No,No,0
C11113,Customer 11113,customer11113@example.com,+91-9000011112,14,72.76,970.56,Month-to-month,No,Electronic check,Yes,Yes,1
C11114,Customer 11114,customer11114@example.com,+91-9000011113,22,113.63,2346.17,One year,Fiber optic,Mailed check,No,Yes,0
C11115,Customer 11115,customer11115@example.com,+91-9000011114,14,91.52,1337.11,One year,DSL,Electronic check,No,Yes,0
C11116,Customer 11116,customer11116@example.com,+91-9000011115,36,93.52,3121.93,Month-to-month,DSL,Bank transfer,No,Yes,1
C11117,Customer 11117,customer11117@example.com,+91-9000011116,72,51.33,3933.85,Month-to-month,DSL,Electronic check,No,No,1
C11118,Customer 11118,customer11118@example.com,+91-9000011117,43,66.86,2654.44,Month-to-month,Fiber optic,Credit card,Yes,Yes,1
C11119,Customer 11119,customer11119@example.com,+91-9000011118,53,61.66,3321.6,Month-to-month,No,Electronic check,No,No,1
C11120,Customer 11120,customer11120@example.com,+91-9000011119,36,77.14,2677.32,One year,No,Mailed check,Yes,Yes,0
C11121,Customer 11121,customer11121@example.com,+91-9000011120,2,71.22,141.77,Month-to-month,DSL,Electronic check,No,No,1
C11122,Customer 11122,customer11122@example.com,+91-9000011121,7,57.69,400.08,Month-to-month,Fiber optic,Credit card,Yes,No,1
C11123,Customer 11123,customer11123@example.com,+91-9000011122,20,55.55,1155.24,One year,Fiber optic,Bank transfer,Yes,No,0
C11124,Customer 11124,customer11124@example.com,+91-9000011123,18,50.09,901.14,One year,Fiber optic,Electronic check,Yes,No,0
C11125,Customer 11125,customer11125@example.com,+91-9000011124,61,61.5,3704.21,Month-to-month,Fiber optic,Electronic check,Yes,No,0
C11126,Customer 11126,customer11126@example.com,+91-9000011125,61,39.99,2529.27,One year,DSL,Electronic check,Yes,No,0
C11127,Customer 11127,customer11127@example.com,+91-9000011126,62,112.21,7431.0,Month-to-month,DSL,Credit card,Yes,No,0
C11128,Customer 11128,customer11128@example.com,+91-9000011127,46,85.21,4103.99,One year,No,Credit card,No,No,0
C11129,Customer 11129,customer11129@example.com,+91-9000011128,41,38.38,1633.18,Month-to-month,Fiber optic,Electronic check,No,Yes,1
C11130,Customer 11130,customer11130@example.com,+91-9000011129,47,94.39,4427.61,Month-to-month,Fiber optic,Electronic check,Yes,No,0
C11131,Customer 11131,customer11131@example.com,+91-9000011130,30,109.77,3503.97,Month-to-month,Fiber optic,Electronic check,No,Yes,0
C11132,Customer 11132,customer11132@example.com,+91-9000011131,49,48.75,2383.52,One year,Fiber optic,Electronic check,No,No,0
C11133,Customer 11133,customer11133@example.com,+91-9000011132,58,40.06,2483.44,One year,No,Bank transfer,No,Yes,0
C11134,Customer 11134,customer11134@example.com,+91-9000011133,55,25.86,1491.24,Month-to-month,DSL,Electronic check,Yes,Yes,0
C11135,Customer 11135,customer11135@example.com,+91-9000011134,45,29.73,1262.99,Two year,DSL,Electronic check,No,No,0
C11136,Customer 11136,customer11136@example.com,+91-9000011135,5,101.23,469.46,Two year,Fiber optic,Credit card,No,No,1
C11137,Customer 11137,customer11137@example.com,+91-9000011136,53,123.72,6809.85,Month-to-month,Fiber optic,Credit card,Yes,No,1
C11138,Customer 11138,customer11138@example.com,+91-9000011137,27,29.49,819.91,One year,DSL,Credit card,No,No,1
C11139,Customer 11139,customer11139@example.com,+91-9000011138,54,99.81,5477.78,Month-to-month,DSL,Electronic check,No,No,1
C11140,Customer 11140,customer11140@example.com,+91-9000011139,39,32.19,1351.07,Two year,DSL,Mailed check,No,No,0
C11141,Customer 11141,customer11141@example.com,+91-9000011140,64,84.21,5428.59,Month-to-month,DSL,Bank transfer,No,No,1
C11142,Customer 11142,customer11142@example.com,+91-9000011141,25,100.61,2454.04,Month-to-month,DSL,Bank transfer,No,Yes,0
C11143,Customer 11143,customer11143@example.com,+91-9000011142,68,60.92,4185.62,Month-to-month,DSL,Electronic check,No,Yes,0
C11144,Customer 11144,customer11144@example.com,+91-9000011143,61,26.09,1471.41,Month-to-month,Fiber optic,Mailed check,Yes,No,0
C11145,Customer 11145,customer11145@example.com,+91-9000011144,24,84.52,2054.21,One year,No,Bank transfer,Yes,No,0
C11146,Customer 11146,customer11146@example.com,+91-9000011145,35,124.12,4623.92,Month-to-month,No,Credit card,No,No,1
C11147,Customer 11147,customer11147@example.com,+91-9000011146,39,50.76,1822.64,Month-to-month,Fiber optic,Bank transfer,Yes,Yes,1
C11148,Customer 11148,customer11148@example.com,+91-9000011147,56,43.95,2597.18,Month-to-month,DSL,Credit card,No,Yes,0
C11149,Customer 11149,customer11149@example.com,+91-9000011148,50,37.39,1959.81,Two year,No,Credit card,Yes,Yes,0
C11150,Customer 11150,customer11150@example.com,+91-9000011149,62,80.53,4678.19,One year,Fiber optic,Mailed check,No,No,1
C11151,Customer 11151,customer11151@example.com,+91-9000011150,27,84.64,2412.1,Month-to-month,Fiber optic,Electronic check,No,No,1
C11152,Customer 11152,customer11152@example.com,+91-9000011151,37,104.23,4019.13,Month-to-month,DSL,Electronic check,No,No,1
C11153,Customer 11153,customer11153@example.com,+91-9000011152,32,100.31,3205.32,Month-to-month,DSL,Credit card,No,Yes,1
C11154,Customer 11154,customer11154@example.com,+91-9000011153,66,114.25,7233.11,Two year,Fiber optic,Bank transfer,No,Yes,0
C11155,Customer 11155,customer11155@example.com,+91-9000011154,22,105.58,2244.01,One year,Fiber optic,Bank transfer,No,Yes,1
C11156,Customer 11156,customer11156@example.com,+91-9000011155,43,49.73,2176.8,One year,DSL,Credit card,No,No,0
C11157,Customer 11157,customer11157@example.com,+91-9000011156,9,80.59,695.87,Two year,No,Bank transfer,No,No,1
C11158,Customer 11158,customer11158@example.com,+91-9000011157,62,54.74,3299.04,Month-to-month,Fiber optic,Credit card,Yes,Yes,0
C11159,Customer 11159,customer11159@example.com,+91-9000011158,28,57.98,1735.35,One year,Fiber optic,Electronic check,No,No,1
C11160,Customer 11160,customer11160@example.com,+91-9000011159,25,118.19,3063.17,Month-to-month,DSL,Credit card,No,No,1
C11161,Customer 11161,customer11161@example.com,+91-9000011160,42,93.19,4061.82,Month-to-month,Fiber optic,Electronic check,No,Yes,1
C11162,Customer 11162,customer11162@example.com,+91-9000011161,36,122.46,4730.16,Month-to-month,Fiber optic,Bank transfer,No,No,0
C11163,Customer 11163,customer11163@example.com,+91-9000011162,62,66.69,3807.83,Month-to-month,DSL,Mailed check,No,No,1
C11164,Customer 11164,customer11164@example.com,+91-9000011163,39,78.74,2945.32,Two year,Fiber optic,Electronic check,No,No,0
C11165,Customer 11165,customer11165@example.com,+91-9000011164,38,73.71,2871.78,Month-to-month,Fiber optic,Electronic check,No,Yes,0
C11166,Customer 11166,customer11166@example.com,+91-9000011165,8,35.73,283.02,Two year,Fiber optic,Electronic check,No,Yes,1
C11167,Customer 11167,customer11167@example.com,+91-9000011166,2,48.67,91.31,One year,DSL,Bank transfer,No,No,1
C11168,Customer 11168,customer11168@example.com,+91-9000011167,29,77.76,2356.51,One year,No,Bank transfer,Yes,Yes,0
C11169,Customer 11169,customer11169@example.com,+91-9000011168,72,31.74,2119.67,Two year,Fiber optic,Electronic check,No,No,1
C11170,Customer 11170,customer11170@example.com,+91-9000011169,67,118.15,7971.59,Month-to-month,DSL,Mailed check,Yes,No,0
C11171,Customer 11171,customer11171@example.com,+91-9000011170,46,37.38,1736.66,Month-to-month,DSL,Electronic check,Yes,No,1
C11172,Customer 11172,customer11172@example.com,+91-9000011171,46,44.8,2105.63,Month-to-month,DSL,Bank transfer,Yes,No,1
C11173,Customer 11173,customer11173@example.com,+91-9000011172,29,101.53,2857.51,Month-to-month,DSL,Bank transfer,No,Yes,0
C11174,Customer 11174,customer11174@example.com,+91-9000011173,13,34.69,416.6,Two year,Fiber optic,Electronic check,Yes,Yes,0
C11175,Customer 11175,customer11175@example.com,+91-9000011174,1,115.03,122.19,Month-to-month,Fiber optic,Electronic check,Yes,Yes,1
C11176,Customer 11176,customer11176@example.com,+91-9000011175,25,97.57,2606.76,Month-to-month,DSL,Mailed check,Yes,No,0
C11177,Customer 11177,customer11177@example.com,+91-9000011176,23,31.86,730.67,Month-to-month,No,Credit card,No,No,1
C11178,Customer 11178,customer11178@example.com,+91-9000011177,14,94.18,1217.39,Month-to-month,DSL,Electronic check,No,No,1
C11179,Customer 11179,customer11179@example.com,+91-9000011178,19,88.16,1696.71,One year,Fiber optic,Credit card,No,No,0
C11180,Customer 11180,customer11180@example.com,+91-9000011179,2,100.73,195.53,Month-to-month,No,Bank transfer,No,No,1
C11181,Customer 11181,customer11181@example.com,+91-9000011180,44,107.82,4503.07,One year,Fiber optic,Electronic check,Yes,Yes,0
C11182,Customer 11182,customer11182@example.com,+91-9000011181,67,96.84,6144.61,One year,Fiber optic,Credit card,No,Yes,0
C11183,Customer 11183,customer11183@example.com,+91-9000011182,50,83.62,3966.43,One year,Fiber optic,Bank transfer,Yes,No,0
C11184,Customer 11184,customer11184@example.com,+91-9000011183,33,57.25,1838.12,Month-to-month,DSL,Electronic check,No,Yes,1
C11185,Customer 11185,customer11185@example.com,+91-9000011184,31,94.73,2833.55,One year,DSL,Credit card,No,No,1
C11186,Customer 11186,customer11186@example.com,+91-9000011185,23,120.7,2925.53,Month-to-month,Fiber optic,Electronic check,No,Yes,0
C11187,Customer 11187,customer11187@example.com,+91-9000011186,11,83.75,920.56,Month-to-month,DSL,Electronic check,Yes,No,1
C11188,Customer 11188,customer11188@example.com,+91-9000011187,44,91.43,3976.35,One year,Fiber optic,Electronic check,Yes,Yes,0
C11189,Customer 11189,customer11189@example.com,+91-9000011188,41,68.71,2657.47,One year,DSL,Credit card,No,No,0
C11190,Customer 11190,customer11190@example.com,+91-9000011189,1,100.61,106.66,Month-to-month,No,Credit card,No,Yes,1
C11191,Customer 11191,customer11191@example.com,+91-9000011190,30,124.77,3476.48,Two year,No,Mailed check,No,No,0
C11192,Customer 11192,customer11192@example.com,+91-9000011191,21,41.04,825.92,Month-to-month,Fiber optic,Electronic check,No,No,1
C11193,Customer 11193,customer11193@example.com,+91-9000011192,13,45.24,599.55,One year,Fiber optic,Credit card,No,No,0
C11194,Customer 11194,customer11194@example.com,+91-9000011193,51,78.94,4156.26,Two year,DSL,Bank transfer,Yes,Yes,0
C11195,Customer 11195,customer11195@example.com,+91-9000011194,38,73.14,2913.24,Month-to-month,DSL,Electronic check,No,No,1
C11196,Customer 11196,customer11196@example.com,+91-9000011195,46,82.16,3725.11,Two year,Fiber optic,Electronic check,Yes,No,0
C11197,Customer 11197,customer11197@example.com,+91-9000011196,52,29.91,1517.18,One year,Fiber optic,Credit card,No,Yes,0
C11198,Customer 11198,customer11198@example.com,+91-9000011197,71,65.43,4488.36,One year,Fiber optic,Electronic check,No,No,1
C11199,Customer 11199,customer11199@example.com,+91-9000011198,58,83.3,4884.04,One year,Fiber optic,Bank transfer,No,No,0
C11200,Customer 11200,customer11200@example.com,+91-9000011199,45,83.52,3667.38,One year,Fiber optic,Bank transfer,No,No,1
C11201,Customer 11201,customer11201@example.com,+91-9000011200,64,90.73,5647.01,Month-to-month,DSL,Electronic check,Yes,No,1
C11202,Customer 11202,customer11202@example.com,+91-9000011201,35,97.02,3133.22,One year,DSL,Mailed check,No,No,0
C11203,Customer 11203,customer11203@example.com,+91-9000011202,71,89.15,6783.68,Month-to-month,Fiber optic,Credit card,No,No,1
C11204,Customer 11204,customer11204@example.com,+91-9000011203,55,104.02,5318.88,Two year,Fiber optic,Bank transfer,No,Yes,0
C11205,Customer 11205,customer11205@example.com,+91-9000011204,47,87.48,3960.83,Month-to-month,No,Credit card,No,No,1
C11206,Customer 11206,customer11206@example.com,+91-9000011205,66,78.75,5547.95,Month-to-month,Fiber optic,Bank transfer,No,Yes,0
C11207,Customer 11207,customer11207@example.com,+91-9000011206,38,85.62,3376.08,Two year,Fiber optic,Credit card,Yes,Yes,0
C11208,Customer 11208,customer11208@example.com,+91-9000011207,52,35.12,1849.07,Month-to-month,Fiber optic,Electronic check,No,Yes,0
C11209,Customer 11209,customer11209@example.com,+91-9000011208,21,52.32,1126.99,Month-to-month,DSL,Bank transfer,No,No,1
C11210,Customer 11210,customer11210@example.com,+91-9000011209,70,77.74,5090.97,One year,Fiber optic,Electronic check,Yes,Yes,0
C11211,Customer 11211,customer11211@example.com,+91-9000011210,45,112.3,5303.06,Month-to-month,Fiber optic,Bank transfer,No,Yes,1
C11212,Customer 11212,customer11212@example.com,+91-9000011211,57,92.91,5084.13,Month-to-month,Fiber optic,Bank transfer,No,Yes,0
C11213,Customer 11213,customer11213@example.com,+91-9000011212,34,34.04,1241.84,Month-to-month,DSL,Electronic check,Yes,Yes,1
C11214,Customer 11214,customer11214@example.com,+91-9000011213,63,84.23,5078.42,Month-to-month,No,Mailed check,Yes,No,0
C11215,Customer 11215,customer11215@example.com,+91-9000011214,6,47.17,288.7,Month-to-month,No,Electronic check,No,No,1
C11216,Customer 11216,customer11216@example.com,+91-9000011215,9,98.4,892.02,Month-to-month,DSL,Electronic check,No,No,1
C11217,Customer 11217,customer11217@example.com,+91-9000011216,37,107.74,3758.74,Month-to-month,DSL,Electronic check,Yes,No,1
C11218,Customer 11218,customer11218@example.com,+91-9000011217,53,84.35,4372.5,Month-to-month,DSL,Bank transfer,Yes,Yes,0
C11219,Customer 11219,customer11219@example.com,+91-9000011218,59,84.14,5187.69,Month-to-month,Fiber optic,Electronic check,Yes,No,1
C11220,Customer 11220,customer11220@example.com,+91-9000011219,32,58.86,1796.9,One year,Fiber optic,Bank transfer,Yes,No,0
C11221,Customer 11221,customer11221@example.com,+91-9000011220,47,69.63,3514.97,One year,DSL,Credit card,No,No,0
C11222,Customer 11222,customer11222@example.com,+91-9000011221,40,111.41,4310.57,Month-to-month,Fiber optic,Electronic check,Yes,No,1
C11223,Customer 11223,customer11223@example.com,+91-9000011222,70,97.33,6951.24,Month-to-month,Fiber optic,Mailed check,Yes,No,0
C11224,Customer 11224,customer11224@example.com,+91-9000011223,48,76.98,3765.31,Two year,Fiber optic,Electronic check,Yes,No,0
C11225,Customer 11225,customer11225@example.com,+91-9000011224,31,61.82,1907.46,One year,Fiber optic,Bank transfer,No,Yes,0
C11226,Customer 11226,customer11226@example.com,+91-9000011225,70,30.04,2155.07,Month-to-month,Fiber optic,Electronic check,No,No,1
C11227,Customer 11227,customer11227@example.com,+91-9000011226,8,39.3,326.65,Month-to-month,Fiber optic,Credit card,No,Yes,1
C11228,Customer 11228,customer11228@example.com,+91-9000011227,71,44.3,3205.19,Month-to-month,DSL,Credit card,No,No,1
C11229,Customer 11229,customer11229@example.com,+91-9000011228,12,62.34,755.26,Two year,Fiber optic,Electronic check,No,No,0
C11230,Customer 11230,customer11230@example.com,+91-9000011229,21,119.41,2550.39,Two year,No,Electronic check,No,No,0
C11231,Customer 11231,customer11231@example.com,+91-9000011230,60,75.52,4460.12,Two year,Fiber optic,Electronic check,No,Yes,0
C11232,Customer 11232,customer11232@example.com,+91-9000011231,53,48.48,2393.02,Month-to-month,No,Electronic check,No,No,1
C11233,Customer 11233,customer11233@example.com,+91-9000011232,70,35.58,2354.99,Month-to-month,Fiber optic,Mailed check,Yes,No,0
C11234,Customer 11234,customer11234@example.com,+91-9000011233,54,58.83,3231.06,Month-to-month,Fiber optic,Bank transfer,No,No,0
C11235,Customer 11235,customer11235@example.com,+91-9000011234,46,106.57,5237.28,Month-to-month,DSL,Bank transfer,No,No,1
C11236,Customer 11236,customer11236@example.com,+91-9000011235,25,63.33,1463.11,Month-to-month,Fiber optic,Mailed check,No,No,1
C11237,Customer 11237,customer11237@example.com,+91-9000011236,1,102.25,102.97,One year,DSL,Credit card,Yes,No,0
C11238,Customer 11238,customer11238@example.com,+91-9000011237,9,105.27,909.85,Month-to-month,DSL,Credit card,No,Yes,0
C11239,Customer 11239,customer11239@example.com,+91-9000011238,22,36.08,801.6,Two year,DSL,Electronic check,No,No,1
C11240,Customer 11240,customer11240@example.com,+91-9000011239,3,85.87,267.9,Month-to-month,DSL,Electronic check,Yes,No,1
C11241,Customer 11241,customer11241@example.com,+91-9000011240,37,120.91,4642.2,Month-to-month,No,Electronic check,Yes,No,0
C11242,Customer 11242,customer11242@example.com,+91-9000011241,56,65.21,3783.16,Two year,No,Electronic check,Yes,Yes,0
C11243,Customer 11243,customer11243@example.com,+91-9000011242,70,30.09,2200.3,One year,Fiber optic,Electronic check,No,Yes,1
C11244,Customer 11244,customer11244@example.com,+91-9000011243,36,117.33,3935.04,Month-to-month,DSL,Electronic check,No,Yes,0
C11245,Customer 11245,customer11245@example.com,+91-9000011244,64,113.37,7266.8,One year,No,Electronic check,No,No,1
C11246,Customer 11246,customer11246@example.com,+91-9000011245,71,77.21,5272.96,Month-to-month,Fiber optic,Bank transfer,No,No,1
C11247,Customer 11247,customer11247@example.com,+91-9000011246,62,80.23,5309.54,Month-to-month,DSL,Electronic check,No,No,0
C11248,Customer 11248,customer11248@example.com,+91-9000011247,34,46.17,1640.83,Month-to-month,Fiber optic,Electronic check,No,Yes,1
C11249,Customer 11249,customer11249@example.com,+91-9000011248,24,106.95,2405.62,Month-to-month,Fiber optic,Electronic check,Yes,Yes,1
C11250,Customer 11250,customer11250@example.com,+91-9000011249,71,74.86,5096.71,One year,DSL,Bank transfer,Yes,No,0
C11251,Customer 11251,customer11251@example.com,+91-9000011250,18,28.39,507.36,Month-to-month,Fiber optic,Credit card,No,Yes,1
C11252,Customer 11252,customer11252@example.com,+91-9000011251,30,93.3,3006.31,One year,Fiber optic,Credit card,Yes,Yes,0
C11253,Customer 11253,customer11253@example.com,+91-9000011252,6,120.05,675.32,One year,DSL,Electronic check,Yes,Yes,1
C11254,Customer 11254,customer11254@example.com,+91-9000011253,58,107.92,6327.43,Month-to-month,Fiber optic,Electronic check,No,No,1
C11255,Customer 11255,customer11255@example.com,+91-9000011254,47,52.72,2414.92,Month-to-month,Fiber optic,Electronic check,No,No,1
C11256,Customer 11256,customer11256@example.com,+91-9000011255,7,30.33,217.28,Month-to-month,Fiber optic,Electronic check,Yes,Yes,0
C11257,Customer 11257,customer11257@example.com,+91-9000011256,16,119.04,1949.96,One year,No,Bank transfer,No,Yes,0
C11258,Customer 11258,customer11258@example.com,+91-9000011257,40,118.71,4551.32,One year,Fiber optic,Mailed check,No,No,0
C11259,Customer 11259,customer11259@example.com,+91-9000011258,39,78.24,3190.9,One year,Fiber optic,Electronic check,No,No,0
C11260,Customer 11260,customer11260@example.com,+91-9000011259,58,89.23,4836.88,Month-to-month,Fiber optic,Electronic check,No,No,1
C11261,Customer 11261,customer11261@example.com,+91-9000011260,20,71.26,1497.75,Month-to-month,Fiber optic,Credit card,Yes,Yes,1
C11262,Customer 11262,customer11262@example.com,+91-9000011261,67,66.98,4280.84,Month-to-month,Fiber optic,Bank transfer,Yes,Yes,1
C11263,Customer 11263,customer11263@example.com,+91-9000011262,33,36.94,1236.49,Month-to-month,DSL,Electronic check,Yes,No,0
C11264,Customer 11264,customer11264@example.com,+91-9000011263,60,34.68,2029.97,One year,Fiber optic,Electronic check,No,No,1
C11265,Customer 11265,customer11265@example.com,+91-9000011264,18,48.27,884.12,Month-to-month,Fiber optic,Mailed check,No,No,0
C11266,Customer 11266,customer11266@example.com,+91-9000011265,3,108.66,313.85,Month-to-month,Fiber optic,Electronic check,No,No,1
C11267,Customer 11267,customer11267@example.com,+91-9000011266,4,39.58,160.07,Month-to-month,No,Bank transfer,No,Yes,0
C11268,Customer 11268,customer11268@example.com,+91-9000011267,27,47.67,1185.81,Month-to-month,Fiber optic,Credit card,Yes,No,1
C11269,Customer 11269,customer11269@example.com,+91-9000011268,69,79.86,5399.65,One year,Fiber optic,Electronic check,Yes,Yes,0
C11270,Customer 11270,customer11270@example.com,+91-9000011269,4,46.51,195.76,Month-to-month,DSL,Credit card,Yes,Yes,1
C11271,Customer 11271,customer11271@example.com,+91-9000011270,27,41.32,1109.04,Two year,DSL,Electronic check,No,No,1
C11272,Customer 11272,customer11272@example.com,+91-9000011271,8,81.33,650.56,Two year,Fiber optic,Electronic check,No,No,0
C11273,Customer 11273,customer11273@example.com,+91-9000011272,68,61.81,4284.84,Two year,Fiber optic,Electronic check,No,No,0
C11274,Customer 11274,customer11274@example.com,+91-9000011273,49,87.62,4248.19,One year,DSL,Mailed check,Yes,No,0
C11275,Customer 11275,customer11275@example.com,+91-9000011274,55,116.22,6767.52,One year,DSL,Electronic check,No,No,1
C11276,Customer 11276,customer11276@example.com,+91-9000011275,52,40.1,2052.95,One year,DSL,Electronic check,Yes,No,0
C11277,Customer 11277,customer11277@example.com,+91-9000011276,48,116.34,5979.74,Month-to-month,Fiber optic,Mailed check,No,Yes,1
C11278,Customer 11278,customer11278@example.com,+91-9000011277,56,115.25,6843.24,Month-to-month,Fiber optic,Electronic check,Yes,No,0
C11279,Customer 11279,customer11279@example.com,+91-9000011278,1,107.91,106.55,One year,Fiber optic,Credit card,No,No,1
C11280,Customer 11280,customer11280@example.com,+91-9000011279,63,88.13,5432.97,Month-to-month,DSL,Bank transfer,Yes,No,0
C11281,Customer 11281,customer11281@example.com,+91-9000011280,54,87.01,4831.32,Month-to-month,DSL,Bank transfer,Yes,No,0
C11282,Customer 11282,customer11282@example.com,+91-9000011281,54,88.92,4997.82,Two year,DSL,Credit card,No,No,0
C11283,Customer 11283,customer11283@example.com,+91-9000011282,29,94.05,2590.36,Month-to-month,Fiber optic,Credit card,No,Yes,1
C11284,Customer 11284,customer11284@example.com,+91-9000011283,58,26.65,1481.66,Month-to-month,DSL,Electronic check,No,Yes,0
C11285,Customer 11285,customer11285@example.com,+91-9000011284,28,120.81,3191.22,One year,DSL,Mailed check,Yes,No,0
C11286,Customer 11286,customer11286@example.com,+91-9000011285,4,83.56,348.18,Month-to-month,No,Mailed check,No,Yes,1
C11287,Customer 11287,customer11287@example.com,+91-9000011286,66,103.15,7041.44,Two year,Fiber optic,Mailed check,Yes,No,0
C11288,Customer 11288,customer11288@example.com,+91-9000011287,17,62.73,1013.35,Month-to-month,Fiber optic,Bank transfer,No,Yes,1
C11289,Customer 11289,customer11289@example.com,+91-9000011288,8,26.24,211.16,Two year,DSL,Bank transfer,No,Yes,1
C11290,Customer 11290,customer11290@example.com,+91-9000011289,45,75.97,3563.18,One year,DSL,Bank transfer,No,No,1
C11291,Customer 11291,customer11291@example.com,+91-9000011290,17,75.72,1379.31,Month-to-month,No,Electronic check,Yes,No,1
C11292,Customer 11292,customer11292@example.com,+91-9000011291,62,68.7,4040.31,Month-to-month,Fiber optic,Bank transfer,No,No,1
C11293,Customer 11293,customer11293@example.com,+91-9000011292,32,58.97,1827.96,Month-to-month,Fiber optic,Bank transfer,Yes,Yes,1
C11294,Customer 11294,customer11294@example.com,+91-9000011293,1,49.98,48.77,Month-to-month,No,Bank transfer,No,No,1
C11295,Customer 11295,customer11295@example.com,+91-9000011294,69,77.75,5472.03,Month-to-month,Fiber optic,Electronic check,No,No,1
C11296,Customer 11296,customer11296@example.com,+91-9000011295,38,62.53,2237.91,Two year,DSL,Bank transfer,No,No,0
C11297,Customer 11297,customer11297@example.com,+91-9000011296,19,121.99,2204.12,Month-to-month,Fiber optic,Bank transfer,No,Yes,1
C11298,Customer 11298,customer11298@example.com,+91-9000011297,49,42.29,2165.19,Two year,DSL,Bank transfer,Yes,Yes,0
C11299,Customer 11299,customer11299@example.com,+91-9000011298,39,56.97,2236.78,Month-to-month,DSL,Mailed check,Yes,No,0
C11300,Customer 11300,customer11300@example.com,+91-9000011299,3,54.4,154.33,Two year,DSL,Credit card,No,No,0
C11301,Customer 11301,customer11301@example.com,+91-9000011300,55,79.33,4285.26,Month-to-month,No,Electronic check,No,No,1
C11302,Customer 11302,customer11302@example.com,+91-9000011301,29,74.93,2045.89,Month-to-month,Fiber optic,Electronic check,No,No,1
C11303,Customer 11303,customer11303@example.com,+91-9000011302,51,89.37,4457.74,One year,DSL,Credit card,No,No,0
C11304,Customer 11304,customer11304@example.com,+91-9000011303,65,120.0,7675.45,Month-to-month,DSL,Bank transfer,No,No,0
C11305,Customer 11305,customer11305@example.com,+91-9000011304,44,53.52,2208.73,Two year,Fiber optic,Credit card,No,No,0
C11306,Customer 11306,customer11306@example.com,+91-9000011305,49,94.28,4294.37,Month-to-month,No,Electronic check,No,No,0
C11307,Customer 11307,customer11307@example.com,+91-9000011306,19,27.5,554.4,Month-to-month,DSL,Electronic check,Yes,No,1
C11308,Customer 11308,customer11308@example.com,+91-9000011307,18,51.24,979.53,Month-to-month,DSL,Bank transfer,Yes,No,1
C11309,Customer 11309,customer11309@example.com,+91-9000011308,30,71.37,1970.7,One year,No,Credit card,No,No,0
C11310,Customer 11310,customer11310@example.com,+91-9000011309,62,28.1,1781.56,Month-to-month,No,Mailed check,Yes,Yes,1
C11311,Customer 11311,customer11311@example.com,+91-9000011310,38,86.77,3082.9,Month-to-month,No,Mailed check,Yes,Yes,0
C11312,Customer 11312,customer11312@example.com,+91-9000011311,26,92.83,2533.35,Month-to-month,DSL,Bank transfer,Yes,No,0
C11313,Customer 11313,customer11313@example.com,+91-9000011312,57,99.67,6026.21,Month-to-month,DSL,Credit card,No,No,0
C11314,Customer 11314,customer11314@example.com,+91-9000011313,62,76.66,4841.6,Month-to-month,Fiber optic,Electronic check,No,Yes,1
C11315,Customer 11315,customer11315@example.com,+91-9000011314,65,85.39,5650.84,Two year,DSL,Bank transfer,No,No,0
C11316,Customer 11316,customer11316@example.com,+91-9000011315,22,64.61,1392.19,Month-to-month,No,Mailed check,Yes,No,1
C11317,Customer 11317,customer11317@example.com,+91-9000011316,52,29.13,1454.04,One year,DSL,Bank transfer,No,No,1
C11318,Customer 11318,customer11318@example.com,+91-9000011317,43,35.0,1504.82,Month-to-month,Fiber optic,Mailed check,No,No,1
C11319,Customer 11319,customer11319@example.com,+91-9000011318,33,90.5,2811.48,Month-to-month,No,Electronic check,No,Yes,1
C11320,Customer 11320,customer11320@example.com,+91-9000011319,29,124.56,3711.78,Month-to-month,No,Electronic check,No,No,1
C11321,Customer 11321,customer11321@example.com,+91-9000011320,9,26.58,238.08,Month-to-month,Fiber optic,Bank transfer,No,Yes,1
C11322,Customer 11322,customer11322@example.com,+91-9000011321,20,80.76,1531.88,Month-to-month,No,Mailed check,No,No,1
C11323,Customer 11323,customer11323@example.com,+91-9000011322,40,100.1,4060.58,Month-to-month,DSL,Electronic check,No,Yes,1
C11324,Customer 11324,customer11324@example.com,+91-9000011323,64,107.68,7217.16,Month-to-month,Fiber optic,Credit card,Yes,No,1
C11325,Customer 11325,customer11325@example.com,+91-9000011324,63,79.52,5080.94,Two year,DSL,Electronic check,No,No,0
C11326,Customer 11326,customer11326@example.com,+91-9000011325,14,86.99,1223.64,Month-to-month,No,Credit card,No,No,0
C11327,Customer 11327,customer11327@example.com,+91-9000011326,49,94.67,4896.91,Month-to-month,No,Bank transfer,No,No,1
C11328,Customer 11328,customer11328@example.com,+91-9000011327,7,110.9,715.53,Month-to-month,DSL,Electronic check,No,No,1
C11329,Customer 11329,customer11329@example.com,+91-9000011328,49,37.23,1858.35,Month-to-month,DSL,Credit card,Yes,No,0
C11330,Customer 11330,customer11330@example.com,+91-9000011329,25,117.62,2898.01,One year,Fiber optic,Credit card,No,Yes,0
C11331,Customer 11331,customer11331@example.com,+91-9000011330,33,27.6,866.14,Month-to-month,DSL,Bank transfer,Yes,Yes,1
C11332,Customer 11332,customer11332@example.com,+91-9000011331,52,108.62,6081.64,One year,Fiber optic,Electronic check,Yes,No,1
C11333,Customer 11333,customer11333@example.com,+91-9000011332,31,32.67,997.18,Month-to-month,DSL,Electronic check,No,Yes,1
C11334,Customer 11334,customer11334@example.com,+91-9000011333,59,44.46,2554.0,Month-to-month,Fiber optic,Mailed check,No,No,1
C11335,Customer 11335,customer11335@example.com,+91-9000011334,39,25.39,937.77,Two year,Fiber optic,Bank transfer,No,Yes,0
C11336,Customer 11336,customer11336@example.com,+91-9000011335,72,69.53,5404.86,Month-to-month,Fiber optic,Credit card,Yes,No,1
C11337,Customer 11337,customer11337@example.com,+91-9000011336,46,58.44,2841.38,One year,DSL,Credit card,Yes,Yes,0
C11338,Customer 11338,customer11338@example.com,+91-9000011337,22,41.6,852.23,Month-to-month,No,Credit card,No,No,0
C11339,Customer 11339,customer11339@example.com,+91-9000011338,56,70.11,3967.47,Two year,Fiber optic,Electronic check,No,Yes,0
C11340,Customer 11340,customer11340@example.com,+91-9000011339,30,65.24,1846.78,Month-to-month,Fiber optic,Bank transfer,No,No,1
C11341,Customer 11341,customer11341@example.com,+91-9000011340,39,101.77,4106.06,Month-to-month,Fiber optic,Credit card,No,Yes,1
C11342,Customer 11342,customer11342@example.com,+91-9000011341,10,114.31,1140.19,One year,No,Electronic check,No,No,0
C11343,Customer 11343,customer11343@example.com,+91-9000011342,9,90.26,761.7,Month-to-month,Fiber optic,Electronic check,No,Yes,1
C11344,Customer 11344,customer11344@example.com,+91-9000011343,42,37.44,1586.83,Month-to-month,Fiber optic,Bank transfer,No,No,0
C11345,Customer 11345,customer11345@example.com,+91-9000011344,14,54.54,813.73,Two year,Fiber optic,Credit card,No,No,0
C11346,Customer 11346,customer11346@example.com,+91-9000011345,72,116.33,8162.94,One year,No,Credit card,No,No,1
C11347,Customer 11347,customer11347@example.com,+91-9000011346,62,33.87,1949.01,One year,DSL,Electronic check,No,No,1
C11348,Customer 11348,customer11348@example.com,+91-9000011347,51,65.69,3588.83,One year,Fiber optic,Mailed check,No,No,1
C11349,Customer 11349,customer11349@example.com,+91-9000011348,53,119.25,5958.02,Two year,Fiber optic,Electronic check,No,No,0
C11350,Customer 11350,customer11350@example.com,+91-9000011349,43,120.07,5142.4,Two year,Fiber optic,Electronic check,No,Yes,1
C11351,Customer 11351,customer11351@example.com,+91-9000011350,5,66.12,332.96,One year,No,Mailed check,No,No,0
C11352,Customer 11352,customer11352@example.com,+91-9000011351,29,91.74,2548.55,Month-to-month,No,Credit card,No,Yes,1
C11353,Customer 11353,customer11353@example.com,+91-9000011352,36,70.67,2412.81,Month-to-month,Fiber optic,Mailed check,No,No,1
C11354,Customer 11354,customer11354@example.com,+91-9000011353,66,100.35,6213.14,One year,Fiber optic,Credit card,Yes,Yes,0
C11355,Customer 11355,customer11355@example.com,+91-9000011354,16,28.16,419.56,Two year,No,Bank transfer,Yes,No,1
C11356,Customer 11356,customer11356@example.com,+91-9000011355,36,39.42,1420.97,Month-to-month,No,Electronic check,No,No,1
C11357,Customer 11357,customer11357@example.com,+91-9000011356,25,86.42,2278.73,Month-to-month,Fiber optic,Electronic check,No,No,1
C11358,Customer 11358,customer11358@example.com,+91-9000011357,10,48.26,453.78,Month-to-month,DSL,Mailed check,No,Yes,0
C11359,Customer 11359,customer11359@example.com,+91-9000011358,8,91.61,756.4,Month-to-month,DSL,Credit card,Yes,No,1
C11360,Customer 11360,customer11360@example.com,+91-9000011359,27,60.12,1600.55,Two year,No,Electronic check,No,No,0
C11361,Customer 11361,customer11361@example.com,+91-9000011360,6,113.66,631.25,Month-to-month,Fiber optic,Electronic check,No,Yes,0
C11362,Customer 11362,customer11362@example.com,+91-9000011361,5,106.93,537.73,One year,Fiber optic,Electronic check,Yes,Yes,1
C11363,Customer 11363,customer11363@example.com,+91-9000011362,26,74.28,1854.65,One year,Fiber optic,Electronic check,Yes,No,1
C11364,Customer 11364,customer11364@example.com,+91-9000011363,15,102.29,1560.19,Two year,Fiber optic,Credit card,No,No,0
C11365,Customer 11365,customer11365@example.com,+91-9000011364,40,52.11,2034.15,Month-to-month,Fiber optic,Electronic check,Yes,Yes,1
C11366,Customer 11366,customer11366@example.com,+91-9000011365,2,74.43,152.82,Two year,Fiber optic,Bank transfer,No,No,0
C11367,Customer 11367,customer11367@example.com,+91-9000011366,22,44.75,1050.42,One year,DSL,Mailed check,No,Yes,0
C11368,Customer 11368,customer11368@example.com,+91-9000011367,33,111.09,3516.13,One year,Fiber optic,Bank transfer,No,No,0
C11369,Customer 11369,customer11369@example.com,+91-9000011368,70,107.31,8040.33,Month-to-month,Fiber optic,Bank transfer,Yes,No,1
C11370,Customer 11370,customer11370@example.com,+91-9000011369,46,115.21,5048.93,Month-to-month,Fiber optic,Electronic check,No,No,1
C11371,Customer 11371,customer11371@example.com,+91-9000011370,64,112.75,6720.34,One year,DSL,Electronic check,No,Yes,1
C11372,Customer 11372,customer11372@example.com,+91-9000011371,25,120.96,2875.32,Month-to-month,Fiber optic,Electronic check,No,No,1
C11373,Customer 11373,customer11373@example.com,+91-9000011372,33,47.83,1657.92,Month-to-month,DSL,Electronic check,No,Yes,1
C11374,Customer 11374,customer11374@example.com,+91-9000011373,31,118.18,3767.66,One year,DSL,Electronic check,No,No,1
C11375,Customer 11375,customer11375@example.com,+91-9000011374,64,82.12,5651.61,One year,Fiber optic,Electronic check,No,No,1
C11376,Customer 11376,customer11376@example.com,+91-9000011375,70,67.25,4865.54,Month-to-month,DSL,Electronic check,No,No,1
C11377,Customer 11377,customer11377@example.com,+91-9000011376,70,81.04,5593.5,Month-to-month,No,Electronic check,No,No,0
C11378,Customer 11378,customer11378@example.com,+91-9000011377,55,59.26,3463.95,Month-to-month,No,Mailed check,Yes,Yes,0
C11379,Customer 11379,customer11379@example.com,+91-9000011378,37,53.86,2138.89,Two year,DSL,Electronic check,Yes,Yes,0
C11380,Customer 11380,customer11380@example.com,+91-9000011379,39,49.13,2005.48,Two year,Fiber optic,Bank transfer,No,No,1
C11381,Customer 11381,customer11381@example.com,+91-9000011380,71,33.24,2381.43,Month-to-month,Fiber optic,Credit card,Yes,No,1
C11382,Customer 11382,customer11382@example.com,+91-9000011381,21,74.66,1649.58,Month-to-month,Fiber optic,Electronic check,No,Yes,1
C11383,Customer 11383,customer11383@example.com,+91-9000011382,25,113.78,2698.43,Month-to-month,No,Bank transfer,No,No,1
C11384,Customer 11384,customer11384@example.com,+91-9000011383,65,88.02,6087.78,Month-to-month,Fiber optic,Credit card,No,No,0
C11385,Customer 11385,customer11385@example.com,+91-9000011384,28,77.1,2331.35,Two year,DSL,Bank transfer,Yes,No,0
C11386,Customer 11386,customer11386@example.com,+91-9000011385,17,67.86,1184.1,Month-to-month,DSL,Electronic check,No,No,0
C11387,Customer 11387,customer11387@example.com,+91-9000011386,41,71.44,2786.52,Month-to-month,Fiber optic,Credit card,Yes,Yes,1
C11388,Customer 11388,customer11388@example.com,+91-9000011387,24,45.93,1039.61,Month-to-month,No,Credit card,No,Yes,0
C11389,Customer 11389,customer11389@example.com,+91-9000011388,65,107.29,7486.47,Month-to-month,Fiber optic,Electronic check,No,No,1
C11390,Customer 11390,customer11390@example.com,+91-9000011389,66,44.84,3135.28,Two year,Fiber optic,Electronic check,No,No,0
C11391,Customer 11391,customer11391@example.com,+91-9000011390,23,96.66,2311.64,One year,DSL,Electronic check,No,No,0
C11392,Customer 11392,customer11392@example.com,+91-9000011391,39,101.0,4222.05,One year,No,Credit card,No,No,1
C11393,Customer 11393,customer11393@example.com,+91-9000011392,71,82.49,5859.98,Month-to-month,DSL,Electronic check,Yes,Yes,0
C11394,Customer 11394,customer11394@example.com,+91-9000011393,54,111.29,6382.5,Two year,Fiber optic,Electronic check,Yes,No,0
C11395,Customer 11395,customer11395@example.com,+91-9000011394,16,54.11,819.05,Month-to-month,Fiber optic,Bank transfer,No,Yes,1
C11396,Customer 11396,customer11396@example.com,+91-9000011395,43,113.16,4618.93,Two year,DSL,Mailed check,No,Yes,1
C11397,Customer 11397,customer11397@example.com,+91-9000011396,45,97.94,4416.0,Two year,DSL,Electronic check,Yes,No,0
C11398,Customer 11398,customer11398@example.com,+91-9000011397,48,104.87,4898.86,Month-to-month,Fiber optic,Electronic check,Yes,No,0
C11399,Customer 11399,customer11399@example.com,+91-9000011398,2,91.46,180.95,Two year,DSL,Bank transfer,Yes,Yes,0
C11400,Customer 11400,customer11400@example.com,+91-9000011399,22,109.63,2526.93,Month-to-month,Fiber optic,Credit card,No,No,1
C11401,Customer 11401,customer11401@example.com,+91-9000011400,62,124.31,7156.5,One year,Fiber optic,Bank transfer,Yes,Yes,1
C11402,Customer 11402,customer11402@example.com,+91-9000011401,18,67.02,1248.99,Month-to-month,DSL,Mailed check,No,No,1
C11403,Customer 11403,customer11403@example.com,+91-9000011402,22,106.39,2186.37,Month-to-month,Fiber optic,Electronic check,Yes,No,1
C11404,Customer 11404,customer11404@example.com,+91-9000011403,24,99.46,2519.76,Month-to-month,DSL,Electronic check,No,Yes,0
C11405,Customer 11405,customer11405@example.com,+91-9000011404,13,70.29,870.19,Month-to-month,DSL,Electronic check,Yes,No,0
C11406,Customer 11406,customer11406@example.com,+91-9000011405,12,117.69,1465.37,Month-to-month,Fiber optic,Electronic check,No,No,1
C11407,Customer 11407,customer11407@example.com,+91-9000011406,25,64.44,1634.68,Month-to-month,Fiber optic,Bank transfer,Yes,Yes,1
C11408,Customer 11408,customer11408@example.com,+91-9000011407,63,81.55,5043.63,One year,Fiber optic,Credit card,No,Yes,0
C11409,Customer 11409,customer11409@example.com,+91-9000011408,1,35.59,34.27,Month-to-month,DSL,Electronic check,No,No,1
C11410,Customer 11410,customer11410@example.com,+91-9000011409,21,47.58,928.43,Month-to-month,Fiber optic,Credit card,Yes,Yes,0
C11411,Customer 11411,customer11411@example.com,+91-9000011410,5,109.07,532.56,Two year,Fiber optic,Electronic check,No,Yes,1
C11412,Customer 11412,customer11412@example.com,+91-9000011411,41,64.66,2524.03,Two year,No,Bank transfer,Yes,Yes,0
C11413,Customer 11413,customer11413@example.com,+91-9000011412,19,64.41,1152.5,Month-to-month,Fiber optic,Electronic check,No,No,1
C11414,Customer 11414,customer11414@example.com,+91-9000011413,58,49.6,2986.58,Month-to-month,No,Bank transfer,No,Yes,1
C11415,Customer 11415,customer11415@example.com,+91-9000011414,43,74.16,3042.2,One year,DSL,Electronic check,Yes,No,0
C11416,Customer 11416,customer11416@example.com,+91-9000011415,57,105.58,5751.49,One year,Fiber optic,Mailed check,No,Yes,0
C11417,Customer 11417,customer11417@example.com,+91-9000011416,46,114.52,5133.47,Month-to-month,Fiber optic,Mailed check,Yes,Yes,1
C11418,Customer 11418,customer11418@example.com,+91-9000011417,32,32.01,1018.2,One year,Fiber optic,Credit card,No,No,0
C11419,Customer 11419,customer11419@example.com,+91-9000011418,62,82.48,5124.98,Month-to-month,Fiber optic,Mailed check,No,Yes,1
C11420,Customer 11420,customer11420@example.com,+91-9000011419,35,71.73,2576.65,Month-to-month,Fiber optic,Electronic check,No,No,0
C11421,Customer 11421,customer11421@example.com,+91-9000011420,69,86.43,6048.14,One year,No,Bank transfer,Yes,No,0
C11422,Customer 11422,customer11422@example.com,+91-9000011421,72,69.73,5005.85,One year,DSL,Electronic check,No,No,0
C11423,Customer 11423,customer11423@example.com,+91-9000011422,43,64.86,2741.65,Two year,No,Mailed check,Yes,Yes,0
C11424,Customer 11424,customer11424@example.com,+91-9000011423,49,72.19,3404.75,Month-to-month,Fiber optic,Electronic check,No,No,1
C11425,Customer 11425,customer11425@example.com,+91-9000011424,19,83.2,1633.9,Month-to-month,Fiber optic,Electronic check,Yes,Yes,1
C11426,Customer 11426,customer11426@example.com,+91-9000011425,59,75.1,4301.52,Month-to-month,Fiber optic,Credit card,Yes,No,0
C11427,Customer 11427,customer11427@example.com,+91-9000011426,49,72.21,3736.2,Month-to-month,DSL,Electronic check,Yes,Yes,1
C11428,Customer 11428,customer11428@example.com,+91-9000011427,65,106.78,7036.38,Month-to-month,No,Credit card,No,Yes,0
C11429,Customer 11429,customer11429@example.com,+91-9000011428,20,99.56,2033.87,Month-to-month,No,Electronic check,Yes,No,1
C11430,Customer 11430,customer11430@example.com,+91-9000011429,57,59.14,3375.72,Month-to-month,No,Credit card,No,Yes,0
C11431,Customer 11431,customer11431@example.com,+91-9000011430,34,105.06,3816.97,One year,No,Credit card,No,No,1
C11432,Customer 11432,customer11432@example.com,+91-9000011431,14,110.37,1525.8,Month-to-month,Fiber optic,Bank transfer,Yes,No,1
C11433,Customer 11433,customer11433@example.com,+91-9000011432,13,40.35,518.42,Month-to-month,Fiber optic,Electronic check,Yes,No,0
C11434,Customer 11434,customer11434@example.com,+91-9000011433,41,83.27,3628.75,One year,No,Electronic check,Yes,No,0
C11435,Customer 11435,customer11435@example.com,+91-9000011434,24,53.53,1306.28,Month-to-month,DSL,Electronic check,Yes,No,1
C11436,Customer 11436,customer11436@example.com,+91-9000011435,8,98.92,784.92,Two year,Fiber optic,Electronic check,No,No,1
C11437,Customer 11437,customer11437@example.com,+91-9000011436,31,48.88,1457.61,Month-to-month,Fiber optic,Bank transfer,No,Yes,1
C11438,Customer 11438,customer11438@example.com,+91-9000011437,48,92.14,4242.3,Month-to-month,Fiber optic,Electronic check,Yes,No,1
C11439,Customer 11439,customer11439@example.com,+91-9000011438,23,50.51,1217.76,Two year,Fiber optic,Electronic check,Yes,Yes,0
C11440,Customer 11440,customer11440@example.com,+91-9000011439,69,76.11,5066.29,One year,Fiber optic,Electronic check,No,Yes,0
C11441,Customer 11441,customer11441@example.com,+91-9000011440,57,119.86,6291.73,One year,DSL,Mailed check,Yes,Yes,0
C11442,Customer 11442,customer11442@example.com,+91-9000011441,37,63.13,2156.22,One year,Fiber optic,Electronic check,No,Yes,0
C11443,Customer 11443,customer11443@example.com,+91-9000011442,68,112.57,8240.69,Month-to-month,Fiber optic,Electronic check,No,Yes,0
C11444,Customer 11444,customer11444@example.com,+91-9000011443,32,123.69,3995.97,One year,DSL,Bank transfer,Yes,Yes,0
C11445,Customer 11445,customer11445@example.com,+91-9000011444,11,112.49,1235.22,Two year,DSL,Electronic check,No,No,1
C11446,Customer 11446,customer11446@example.com,+91-9000011445,3,41.59,133.11,Two year,Fiber optic,Mailed check,No,No,0
C11447,Customer 11447,customer11447@example.com,+91-9000011446,68,106.97,7101.35,Month-to-month,DSL,Electronic check,No,No,1
C11448,Customer 11448,customer11448@example.com,+91-9000011447,70,28.21,2067.91,Month-to-month,Fiber optic,Credit card,No,Yes,1
C11449,Customer 11449,customer11449@example.com,+91-9000011448,54,64.33,3597.1,One year,DSL,Bank transfer,No,Yes,0
C11450,Customer 11450,customer11450@example.com,+91-9000011449,8,112.07,893.27,Month-to-month,Fiber optic,Credit card,No,No,1
C11451,Customer 11451,customer11451@example.com,+91-9000011450,22,93.88,2156.11,Month-to-month,DSL,Bank transfer,No,Yes,1
C11452,Customer 11452,customer11452@example.com,+91-9000011451,3,78.27,252.31,Month-to-month,Fiber optic,Credit card,No,Yes,1
C11453,Customer 11453,customer11453@example.com,+91-9000011452,4,63.79,242.94,Month-to-month,Fiber optic,Bank transfer,No,No,1
C11454,Customer 11454,customer11454@example.com,+91-9000011453,18,106.23,1764.53,Month-to-month,Fiber optic,Bank transfer,No,No,1
C11455,Customer 11455,customer11455@example.com,+91-9000011454,42,95.96,4237.61,Month-to-month,Fiber optic,Credit card,No,Yes,1
C11456,Customer 11456,customer11456@example.com,+91-9000011455,5,71.84,353.66,Month-to-month,Fiber optic,Bank transfer,No,No,1
C11457,Customer 11457,customer11457@example.com,+91-9000011456,71,114.25,8169.38,Month-to-month,DSL,Bank transfer,Yes,No,0
C11458,Customer 11458,customer11458@example.com,+91-9000011457,33,47.99,1513.35,Two year,Fiber optic,Electronic check,Yes,No,0
C11459,Customer 11459,customer11459@example.com,+91-9000011458,19,42.04,842.44,Month-to-month,Fiber optic,Electronic check,Yes,Yes,0
C11460,Customer 11460,customer11460@example.com,+91-9000011459,38,89.28,3512.72,Month-to-month,Fiber optic,Electronic check,Yes,No,0
C11461,Customer 11461,customer11461@example.com,+91-9000011460,57,122.2,7470.66,Month-to-month,Fiber optic,Electronic check,No,No,1
C11462,Customer 11462,customer11462@example.com,+91-9000011461,23,49.73,1139.26,Month-to-month,Fiber optic,Bank transfer,Yes,Yes,1
C11463,Customer 11463,customer11463@example.com,+91-9000011462,4,49.97,215.12,Two year,Fiber optic,Electronic check,No,No,1
C11464,Customer 11464,customer11464@example.com,+91-9000011463,4,38.95,156.07,Two year,DSL,Bank transfer,No,No,0
C11465,Customer 11465,customer11465@example.com,+91-9000011464,62,111.06,7019.49,Month-to-month,DSL,Credit card,Yes,Yes,0
C11466,Customer 11466,customer11466@example.com,+91-9000011465,9,47.64,440.71,Month-to-month,DSL,Bank transfer,Yes,No,0
C11467,Customer 11467,customer11467@example.com,+91-9000011466,46,75.32,3459.05,Month-to-month,Fiber optic,Credit card,No,No,1
C11468,Customer 11468,customer11468@example.com,+91-9000011467,28,124.09,3509.42,Month-to-month,Fiber optic,Electronic check,No,No,1
C11469,Customer 11469,customer11469@example.com,+91-9000011468,56,26.21,1402.78,Month-to-month,Fiber optic,Electronic check,No,Yes,1
C11470,Customer 11470,customer11470@example.com,+91-9000011469,5,80.65,394.37,Month-to-month,Fiber optic,Credit card,Yes,No,1
C11471,Customer 11471,customer11471@example.com,+91-9000011470,65,76.23,5115.09,Month-to-month,DSL,Credit card,Yes,Yes,0
C11472,Customer 11472,customer11472@example.com,+91-9000011471,51,105.74,4994.96,One year,No,Credit card,Yes,No,1
C11473,Customer 11473,customer11473@example.com,+91-9000011472,33,60.53,2061.54,Month-to-month,DSL,Credit card,Yes,No,1
C11474,Customer 11474,customer11474@example.com,+91-9000011473,15,66.03,959.35,Month-to-month,Fiber optic,Credit card,No,No,1
C11475,Customer 11475,customer11475@example.com,+91-9000011474,71,41.79,2858.77,Month-to-month,No,Credit card,Yes,No,0
C11476,Customer 11476,customer11476@example.com,+91-9000011475,22,99.08,2247.24,Month-to-month,Fiber optic,Credit card,Yes,Yes,1
C11477,Customer 11477,customer11477@example.com,+91-9000011476,36,103.47,3555.03,Month-to-month,DSL,Credit card,No,Yes,1
C11478,Customer 11478,customer11478@example.com,+91-9000011477,29,38.67,1204.27,Month-to-month,DSL,Electronic check,No,No,1
C11479,Customer 11479,customer11479@example.com,+91-9000011478,17,64.35,1179.83,Month-to-month,Fiber optic,Electronic check,No,Yes,1
C11480,Customer 11480,customer11480@example.com,+91-9000011479,30,114.29,3405.71,Month-to-month,DSL,Electronic check,No,No,1
C11481,Customer 11481,customer11481@example.com,+91-9000011480,11,25.27,273.59,Two year,Fiber optic,Bank transfer,No,No,0
C11482,Customer 11482,customer11482@example.com,+91-9000011481,1,54.88,51.18,Two year,Fiber optic,Credit card,Yes,No,1
C11483,Customer 11483,customer11483@example.com,+91-9000011482,21,80.5,1765.75,Month-to-month,DSL,Electronic check,Yes,Yes,1
C11484,Customer 11484,customer11484@example.com,+91-9000011483,9,58.41,497.32,Month-to-month,DSL,Electronic check,No,No,1
C11485,Customer 11485,customer11485@example.com,+91-9000011484,30,52.2,1674.5,One year,Fiber optic,Credit card,No,Yes,0
C11486,Customer 11486,customer11486@example.com,+91-9000011485,63,71.0,4824.11,One year,Fiber optic,Electronic check,No,No,0
C11487,Customer 11487,customer11487@example.com,+91-9000011486,12,43.15,486.52,Month-to-month,Fiber optic,Credit card,Yes,No,0
C11488,Customer 11488,customer11488@example.com,+91-9000011487,1,77.96,80.24,Month-to-month,Fiber optic,Electronic check,No,No,1
C11489,Customer 11489,customer11489@example.com,+91-9000011488,8,95.67,761.2,Month-to-month,DSL,Electronic check,Yes,No,1
C11490,Customer 11490,customer11490@example.com,+91-9000011489,37,82.53,3073.71,One year,Fiber optic,Bank transfer,No,Yes,0
C11491,Customer 11491,customer11491@example.com,+91-9000011490,20,34.31,651.02,Month-to-month,Fiber optic,Electronic check,No,No,1
C11492,Customer 11492,customer11492@example.com,+91-9000011491,36,109.44,4080.74,Month-to-month,Fiber optic,Electronic check,Yes,No,1
C11493,Customer 11493,customer11493@example.com,+91-9000011492,3,42.5,120.7,Month-to-month,Fiber optic,Electronic check,Yes,Yes,1
C11494,Customer 11494,customer11494@example.com,+91-9000011493,24,101.48,2585.66,Month-to-month,No,Electronic check,No,No,1
C11495,Customer 11495,customer11495@example.com,+91-9000011494,30,61.06,1818.31,Month-to-month,Fiber optic,Electronic check,No,No,0
C11496,Customer 11496,customer11496@example.com,+91-9000011495,32,103.28,3376.28,One year,Fiber optic,Credit card,Yes,No,0
C11497,Customer 11497,customer11497@example.com,+91-9000011496,40,45.63,1948.38,Month-to-month,Fiber optic,Electronic check,No,No,1
C11498,Customer 11498,customer11498@example.com,+91-9000011497,57,43.67,2583.95,Month-to-month,Fiber optic,Bank transfer,Yes,Yes,0
C11499,Customer 11499,customer11499@example.com,+91-9000011498,34,74.7,2556.4,Month-to-month,DSL,Electronic check,No,No,1
C11500,Customer 11500,customer11500@example.com,+91-9000011499,61,28.29,1698.82,Two year,Fiber optic,Mailed check,Yes,Yes,0
C11501,Customer 11501,customer11501@example.com,+91-9000011500,39,47.53,1842.44,Month-to-month,No,Credit card,No,No,0
C11502,Customer 11502,customer11502@example.com,+91-9000011501,19,97.4,1803.72,Month-to-month,DSL,Mailed check,Yes,Yes,0
C11503,Customer 11503,customer11503@example.com,+91-9000011502,17,108.74,1980.55,Month-to-month,No,Mailed check,No,No,1
C11504,Customer 11504,customer11504@example.com,+91-9000011503,24,33.08,762.53,Two year,Fiber optic,Electronic check,Yes,Yes,0
C11505,Customer 11505,customer11505@example.com,+91-9000011504,44,113.21,4908.99,One year,Fiber optic,Credit card,No,Yes,0
C11506,Customer 11506,customer11506@example.com,+91-9000011505,18,104.75,1969.43,Two year,No,Electronic check,No,Yes,0
C11507,Customer 11507,customer11507@example.com,+91-9000011506,66,111.97,7229.62,One year,DSL,Mailed check,Yes,No,0
C11508,Customer 11508,customer11508@example.com,+91-9000011507,35,94.84,3524.73,Month-to-month,DSL,Bank transfer,Yes,Yes,1
C11509,Customer 11509,customer11509@example.com,+91-9000011508,63,92.42,5583.11,Month-to-month,DSL,Electronic check,No,Yes,0
C11510,Customer 11510,customer11510@example.com,+91-9000011509,50,77.51,3584.9,Month-to-month,Fiber optic,Mailed check,No,Yes,1
C11511,Customer 11511,customer11511@example.com,+91-9000011510,25,90.28,2303.49,One year,Fiber optic,Credit card,No,Yes,1
C11512,Customer 11512,customer11512@example.com,+91-9000011511,17,116.91,1990.09,One year,No,Mailed check,No,No,0
C11513,Customer 11513,customer11513@example.com,+91-9000011512,54,35.05,2023.84,Month-to-month,DSL,Electronic check,No,No,0
C11514,Customer 11514,customer11514@example.com,+91-9000011513,24,56.58,1341.22,Two year,DSL,Electronic check,No,Yes,0
C11515,Customer 11515,customer11515@example.com,+91-9000011514,18,32.25,546.65,Month-to-month,Fiber optic,Electronic check,No,Yes,1
C11516,Customer 11516,customer11516@example.com,+91-9000011515,67,119.48,7787.09,Month-to-month,DSL,Bank transfer,Yes,Yes,0
C11517,Customer 11517,customer11517@example.com,+91-9000011516,35,69.53,2391.97,Month-to-month,Fiber optic,Bank transfer,Yes,Yes,0
C11518,Customer 11518,customer11518@example.com,+91-9000011517,4,92.53,375.04,Two year,Fiber optic,Electronic check,Yes,Yes,0
C11519,Customer 11519,customer11519@example.com,+91-9000011518,36,109.11,3786.24,Two year,No,Credit card,No,Yes,0
C11520,Customer 11520,customer11520@example.com,+91-9000011519,34,124.1,4253.37,Month-to-month,Fiber optic,Electronic check,Yes,Yes,1
C11521,Customer 11521,customer11521@example.com,+91-9000011520,63,41.18,2763.72,Two year,DSL,Credit card,No,Yes,0
C11522,Customer 11522,customer11522@example.com,+91-9000011521,52,104.95,5390.8,Two year,DSL,Credit card,Yes,No,0
C11523,Customer 11523,customer11523@example.com,+91-9000011522,14,113.74,1630.98,Two year,DSL,Bank transfer,No,Yes,0
C11524,Customer 11524,customer11524@example.com,+91-9000011523,11,29.89,314.53,Two year,No,Electronic check,Yes,No,0
C11525,Customer 11525,customer11525@example.com,+91-9000011524,44,100.41,4631.04,Month-to-month,Fiber optic,Electronic check,No,No,0
C11526,Customer 11526,customer11526@example.com,+91-9000011525,4,60.47,232.97,One year,Fiber optic,Electronic check,Yes,No,1
C11527,Customer 11527,customer11527@example.com,+91-9000011526,23,89.86,2093.17,One year,DSL,Credit card,Yes,Yes,0
C11528,Customer 11528,customer11528@example.com,+91-9000011527,10,76.4,739.58,One year,No,Bank transfer,Yes,No,1
C11529,Customer 11529,customer11529@example.com,+91-9000011528,2,50.97,94.88,Month-to-month,DSL,Electronic check,No,No,1
C11530,Customer 11530,customer11530@example.com,+91-9000011529,67,38.52,2506.37,One year,Fiber optic,Mailed check,No,No,0
C11531,Customer 11531,customer11531@example.com,+91-9000011530,7,36.69,245.0,Two year,Fiber optic,Credit card,Yes,No,1
C11532,Customer 11532,customer11532@example.com,+91-9000011531,1,35.33,37.55,Month-to-month,DSL,Credit card,No,Yes,0
C11533,Customer 11533,customer11533@example.com,+91-9000011532,68,88.78,5811.17,Two year,Fiber optic,Bank transfer,No,No,0
C11534,Customer 11534,customer11534@example.com,+91-9000011533,14,60.14,905.87,Month-to-month,DSL,Mailed check,No,No,1
C11535,Customer 11535,customer11535@example.com,+91-9000011534,59,46.66,2749.57,Month-to-month,Fiber optic,Electronic check,No,Yes,0
C11536,Customer 11536,customer11536@example.com,+91-9000011535,3,94.19,269.96,Month-to-month,No,Electronic check,Yes,Yes,1
C11537,Customer 11537,customer11537@example.com,+91-9000011536,12,93.68,1104.62,One year,Fiber optic,Mailed check,No,No,1
C11538,Customer 11538,customer11538@example.com,+91-9000011537,8,78.92,599.38,One year,Fiber optic,Mailed check,No,Yes,1
C11539,Customer 11539,customer11539@example.com,+91-9000011538,51,118.5,6366.16,Month-to-month,Fiber optic,Bank transfer,No,No,1
C11540,Customer 11540,customer11540@example.com,+91-9000011539,45,63.54,2685.44,One year,DSL,Electronic check,Yes,No,0
C11541,Customer 11541,customer11541@example.com,+91-9000011540,35,108.59,4027.79,Month-to-month,Fiber optic,Electronic check,No,No,1
C11542,Customer 11542,customer11542@example.com,+91-9000011541,18,32.51,542.66,Month-to-month,Fiber optic,Credit card,Yes,Yes,0
C11543,Customer 11543,customer11543@example.com,+91-9000011542,7,98.98,670.65,Two year,DSL,Credit card,No,No,0
C11544,Customer 11544,customer11544@example.com,+91-9000011543,41,123.84,4784.89,One year,Fiber optic,Electronic check,Yes,No,0
C11545,Customer 11545,customer11545@example.com,+91-9000011544,17,109.66,1919.48,One year,Fiber optic,Electronic check,Yes,No,0
C11546,Customer 11546,customer11546@example.com,+91-9000011545,43,82.97,3574.74,One year,Fiber optic,Credit card,No,Yes,0
C11547,Customer 11547,customer11547@example.com,+91-9000011546,50,87.68,4692.17,Two year,DSL,Credit card,No,Yes,0
C11548,Customer 11548,customer11548@example.com,+91-9000011547,62,60.33,3660.37,Month-to-month,No,Bank transfer,Yes,Yes,0
C11549,Customer 11549,customer11549@example.com,+91-9000011548,36,92.95,3100.32,Month-to-month,Fiber optic,Bank transfer,No,Yes,1
C11550,Customer 11550,customer11550@example.com,+91-9000011549,1,102.04,106.31,Month-to-month,DSL,Mailed check,No,No,1
C11551,Customer 11551,customer11551@example.com,+91-9000011550,21,124.82,2654.56,One year,DSL,Electronic check,No,Yes,1
C11552,Customer 11552,customer11552@example.com,+91-9000011551,62,74.25,4844.68,One year,Fiber optic,Bank transfer,No,Yes,0
C11553,Customer 11553,customer11553@example.com,+91-9000011552,39,31.13,1199.72,One year,Fiber optic,Bank transfer,Yes,No,0
C11554,Customer 11554,customer11554@example.com,+91-9000011553,45,84.59,3951.61,Month-to-month,Fiber optic,Bank transfer,Yes,Yes,0
C11555,Customer 11555,customer11555@example.com,+91-9000011554,33,36.9,1153.61,Month-to-month,DSL,Credit card,No,Yes,1
C11556,Customer 11556,customer11556@example.com,+91-9000011555,12,49.48,641.22,One year,Fiber optic,Bank transfer,Yes,No,0
C11557,Customer 11557,customer11557@example.com,+91-9000011556,65,57.88,3565.75,Two year,Fiber optic,Bank transfer,No,Yes,0
C11558,Customer 11558,customer11558@example.com,+91-9000011557,56,98.1,5783.49,Month-to-month,DSL,Electronic check,No,No,1
C11559,Customer 11559,customer11559@example.com,+91-9000011558,72,43.38,2979.65,Month-to-month,No,Credit card,No,No,0
C11560,Customer 11560,customer11560@example.com,+91-9000011559,62,41.58,2694.49,Month-to-month,DSL,Electronic check,Yes,Yes,0
C11561,Customer 11561,customer11561@example.com,+91-9000011560,21,29.5,655.31,Month-to-month,DSL,Electronic check,No,No,0
C11562,Customer 11562,customer11562@example.com,+91-9000011561,19,112.32,2262.69,Month-to-month,Fiber optic,Bank transfer,No,No,1
C11563,Customer 11563,customer11563@example.com,+91-9000011562,18,94.35,1691.7,Month-to-month,Fiber optic,Bank transfer,Yes,Yes,1
C11564,Customer 11564,customer11564@example.com,+91-9000011563,67,28.99,1920.21,One year,DSL,Mailed check,Yes,No,0
C11565,Customer 11565,customer11565@example.com,+91-9000011564,41,27.83,1201.97,Month-to-month,Fiber optic,Credit card,Yes,No,0
C11566,Customer 11566,customer11566@example.com,+91-9000011565,33,80.87,2702.65,Month-to-month,DSL,Credit card,No,No,1
C11567,Customer 11567,customer11567@example.com,+91-9000011566,70,53.25,3799.83,Month-to-month,Fiber optic,Electronic check,No,No,1
C11568,Customer 11568,customer11568@example.com,+91-9000011567,44,84.67,3568.16,Two year,Fiber optic,Bank transfer,No,Yes,0
C11569,Customer 11569,customer11569@example.com,+91-9000011568,66,68.46,4479.43,Month-to-month,No,Mailed check,Yes,No,0
C11570,Customer 11570,customer11570@example.com,+91-9000011569,71,117.33,8156.42,Month-to-month,Fiber optic,Bank transfer,No,Yes,0
C11571,Customer 11571,customer11571@example.com,+91-9000011570,6,53.78,331.22,Month-to-month,Fiber optic,Credit card,Yes,No,1
C11572,Customer 11572,customer11572@example.com,+91-9000011571,27,92.91,2386.75,One year,Fiber optic,Bank transfer,Yes,No,0
C11573,Customer 11573,customer11573@example.com,+91-9000011572,53,30.41,1587.43,Two year,DSL,Electronic check,Yes,Yes,0
C11574,Customer 11574,customer11574@example.com,+91-9000011573,59,120.59,7511.8,Month-to-month,DSL,Bank transfer,No,Yes,0
C11575,Customer 11575,customer11575@example.com,+91-9000011574,11,123.08,1363.94,Month-to-month,No,Electronic check,No,No,1
C11576,Customer 11576,customer11576@example.com,+91-9000011575,23,98.91,2419.09,Month-to-month,DSL,Electronic check,No,Yes,1
C11577,Customer 11577,customer11577@example.com,+91-9000011576,40,71.52,2738.37,One year,Fiber optic,Electronic check,No,Yes,0
C11578,Customer 11578,customer11578@example.com,+91-9000011577,58,47.0,2699.79,Two year,DSL,Electronic check,Yes,Yes,0
C11579,Customer 11579,customer11579@example.com,+91-9000011578,9,106.25,956.31,Month-to-month,Fiber optic,Electronic check,No,No,1
C11580,Customer 11580,customer11580@example.com,+91-9000011579,44,98.64,4271.11,Month-to-month,DSL,Mailed check,Yes,Yes,0
C11581,Customer 11581,customer11581@example.com,+91-9000011580,22,47.2,1069.05,One year,No,Bank transfer,No,No,0
C11582,Customer 11582,customer11582@example.com,+91-9000011581,16,70.12,1058.86,One year,Fiber optic,Credit card,No,No,1
C11583,Customer 11583,customer11583@example.com,+91-9000011582,38,71.28,2717.05,Month-to-month,DSL,Bank transfer,Yes,Yes,1
C11584,Customer 11584,customer11584@example.com,+91-9000011583,30,107.64,3042.56,Month-to-month,Fiber optic,Electronic check,Yes,No,1
C11585,Customer 11585,customer11585@example.com,+91-9000011584,46,93.38,4384.27,Month-to-month,Fiber optic,Electronic check,Yes,Yes,1
C11586,Customer 11586,customer11586@example.com,+91-9000011585,23,89.32,2162.91,One year,DSL,Mailed check,Yes,Yes,1
C11587,Customer 11587,customer11587@example.com,+91-9000011586,60,89.98,4984.17,One year,DSL,Bank transfer,No,No,0
C11588,Customer 11588,customer11588@example.com,+91-9000011587,6,52.05,310.15,One year,Fiber optic,Mailed check,Yes,Yes,0
C11589,Customer 11589,customer11589@example.com,+91-9000011588,63,62.17,3912.14,Two year,Fiber optic,Electronic check,No,No,0
C11590,Customer 11590,customer11590@example.com,+91-9000011589,3,29.57,91.84,Month-to-month,DSL,Credit card,No,No,1
C11591,Customer 11591,customer11591@example.com,+91-9000011590,53,103.69,5121.62,Month-to-month,No,Credit card,No,Yes,1
C11592,Customer 11592,customer11592@example.com,+91-9000011591,25,68.3,1681.82,Month-to-month,DSL,Mailed check,No,No,1
C11593,Customer 11593,customer11593@example.com,+91-9000011592,28,68.82,2014.98,Two year,DSL,Electronic check,No,No,0
C11594,Customer 11594,customer11594@example.com,+91-9000011593,2,49.54,99.59,One year,Fiber optic,Mailed check,Yes,Yes,0
C11595,Customer 11595,customer11595@example.com,+91-9000011594,51,45.94,2436.6,Month-to-month,DSL,Bank transfer,Yes,No,0
C11596,Customer 11596,customer11596@example.com,+91-9000011595,12,83.78,983.48,Month-to-month,DSL,Credit card,No,No,1
C11597,Customer 11597,customer11597@example.com,+91-9000011596,48,48.26,2472.18,One year,Fiber optic,Bank transfer,No,No,1
C11598,Customer 11598,customer11598@example.com,+91-9000011597,53,31.42,1552.65,One year,DSL,Bank transfer,No,No,0
C11599,Customer 11599,customer11599@example.com,+91-9000011598,61,101.75,5800.74,One year,DSL,Electronic check,Yes,No,1
C11600,Customer 11600,customer11600@example.com,+91-9000011599,51,62.65,3209.71,Month-to-month,Fiber optic,Credit card,No,Yes,1
C11601,Customer 11601,customer11601@example.com,+91-9000011600,22,63.02,1379.97,Two year,Fiber optic,Electronic check,No,Yes,1
C11602,Customer 11602,customer11602@example.com,+91-9000011601,54,68.13,3760.53,One year,Fiber optic,Bank transfer,No,No,0
C11603,Customer 11603,customer11603@example.com,+91-9000011602,60,106.5,6112.99,One year,Fiber optic,Bank transfer,Yes,No,1
C11604,Customer 11604,customer11604@example.com,+91-9000011603,23,57.08,1255.29,One year,Fiber optic,Credit card,Yes,No,0
C11605,Customer 11605,customer11605@example.com,+91-9000011604,9,100.8,943.36,Two year,DSL,Bank transfer,No,Yes,0
C11606,Customer 11606,customer11606@example.com,+91-9000011605,65,118.95,7474.15,Two year,Fiber optic,Credit card,No,No,0
C11607,Customer 11607,customer11607@example.com,+91-9000011606,11,91.09,1038.43,One year,DSL,Bank transfer,Yes,Yes,1
C11608,Customer 11608,customer11608@example.com,+91-9000011607,43,68.17,2997.3,Month-to-month,DSL,Bank transfer,Yes,Yes,0
C11609,Customer 11609,customer11609@example.com,+91-9000011608,18,99.78,1676.3,Month-to-month,Fiber optic,Credit card,No,No,1
C11610,Customer 11610,customer11610@example.com,+91-9000011609,10,70.79,731.81,Two year,Fiber optic,Credit card,No,Yes,1
C11611,Customer 11611,customer11611@example.com,+91-9000011610,56,66.44,3946.57,One year,Fiber optic,Credit card,No,No,1
C11612,Customer 11612,customer11612@example.com,+91-9000011611,11,77.53,896.04,Month-to-month,DSL,Bank transfer,No,No,0
C11613,Customer 11613,customer11613@example.com,+91-9000011612,49,56.77,2563.14,Month-to-month,DSL,Electronic check,Yes,No,0
C11614,Customer 11614,customer11614@example.com,+91-9000011613,50,35.43,1782.76,Two year,Fiber optic,Credit card,Yes,No,1
C11615,Customer 11615,customer11615@example.com,+91-9000011614,5,66.49,354.44,Two year,Fiber optic,Electronic check,No,No,0
C11616,Customer 11616,customer11616@example.com,+91-9000011615,13,37.39,493.75,Two year,Fiber optic,Electronic check,No,No,1
C11617,Customer 11617,customer11617@example.com,+91-9000011616,58,66.04,3701.82,Month-to-month,DSL,Credit card,Yes,No,1
C11618,Customer 11618,customer11618@example.com,+91-9000011617,37,80.69,2839.62,One year,DSL,Bank transfer,No,No,1
C11619,Customer 11619,customer11619@example.com,+91-9000011618,9,118.07,1094.07,Two year,Fiber optic,Bank transfer,Yes,Yes,0
C11620,Customer 11620,customer11620@example.com,+91-9000011619,72,28.62,2150.07,Month-to-month,Fiber optic,Mailed check,Yes,Yes,1
C11621,Customer 11621,customer11621@example.com,+91-9000011620,20,87.15,1858.06,Month-to-month,DSL,Electronic check,No,No,0
C11622,Customer 11622,customer11622@example.com,+91-9000011621,1,70.77,75.36,Two year,DSL,Electronic check,Yes,Yes,0
C11623,Customer 11623,customer11623@example.com,+91-9000011622,67,27.03,1764.44,Month-to-month,DSL,Electronic check,Yes,No,0
C11624,Customer 11624,customer11624@example.com,+91-9000011623,2,49.95,101.56,One year,DSL,Electronic check,No,Yes,1
C11625,Customer 11625,customer11625@example.com,+91-9000011624,40,36.85,1380.02,One year,Fiber optic,Credit card,No,No,1
C11626,Customer 11626,customer11626@example.com,+91-9000011625,72,46.68,3142.88,One year,DSL,Credit card,No,Yes,0
C11627,Customer 11627,customer11627@example.com,+91-9000011626,42,52.46,2052.25,Month-to-month,Fiber optic,Bank transfer,No,No,1
C11628,Customer 11628,customer11628@example.com,+91-9000011627,43,65.13,2991.99,One year,Fiber optic,Electronic check,Yes,Yes,0
C11629,Customer 11629,customer11629@example.com,+91-9000011628,28,77.9,2059.9,Month-to-month,No,Bank transfer,No,Yes,1
C11630,Customer 11630,customer11630@example.com,+91-9000011629,10,25.1,250.29,Two year,No,Electronic check,Yes,No,0
C11631,Customer 11631,customer11631@example.com,+91-9000011630,42,41.19,1711.45,Month-to-month,DSL,Credit card,Yes,Yes,0
C11632,Customer 11632,customer11632@example.com,+91-9000011631,65,34.36,2170.78,One year,DSL,Bank transfer,No,Yes,0
C11633,Customer 11633,customer11633@example.com,+91-9000011632,7,79.97,563.17,One year,DSL,Electronic check,Yes,No,0
C11634,Customer 11634,customer11634@example.com,+91-9000011633,64,57.91,3411.4,Month-to-month,Fiber optic,Credit card,No,No,1
C11635,Customer 11635,customer11635@example.com,+91-9000011634,30,79.84,2349.27,Month-to-month,DSL,Credit card,No,Yes,1
C11636,Customer 11636,customer11636@example.com,+91-9000011635,39,47.18,1833.94,One year,Fiber optic,Electronic check,No,No,1
C11637,Customer 11637,customer11637@example.com,+91-9000011636,12,27.42,345.01,Month-to-month,DSL,Bank transfer,Yes,Yes,0
C11638,Customer 11638,customer11638@example.com,+91-9000011637,45,119.14,5533.69,Month-to-month,DSL,Bank transfer,Yes,Yes,1
C11639,Customer 11639,customer11639@example.com,+91-9000011638,14,35.83,529.69,Month-to-month,Fiber optic,Electronic check,No,No,1
C11640,Customer 11640,customer11640@example.com,+91-9000011639,20,37.69,738.88,Two year,Fiber optic,Electronic check,No,Yes,1
C11641,Customer 11641,customer11641@example.com,+91-9000011640,52,39.65,1943.34,One year,Fiber optic,Credit card,No,No,1
C11642,Customer 11642,customer11642@example.com,+91-9000011641,4,123.13,484.72,Month-to-month,No,Mailed check,No,Yes,1
C11643,Customer 11643,customer11643@example.com,+91-9000011642,33,86.77,3075.56,Two year,DSL,Bank transfer,Yes,No,0
C11644,Customer 11644,customer11644@example.com,+91-9000011643,43,86.03,3530.2,Month-to-month,DSL,Bank transfer,Yes,No,0
C11645,Customer 11645,customer11645@example.com,+91-9000011644,10,123.67,1172.34,Month-to-month,Fiber optic,Bank transfer,No,Yes,1
C11646,Customer 11646,customer11646@example.com,+91-9000011645,22,33.84,797.41,Month-to-month,Fiber optic,Bank transfer,No,No,1
C11647,Customer 11647,customer11647@example.com,+91-9000011646,25,122.45,3281.62,Month-to-month,Fiber optic,Electronic check,Yes,No,1
C11648,Customer 11648,customer11648@example.com,+91-9000011647,48,45.4,2056.9,Month-to-month,DSL,Bank transfer,No,Yes,0
C11649,Customer 11649,customer11649@example.com,+91-9000011648,71,87.31,6466.26,One year,No,Mailed check,No,No,0
C11650,Customer 11650,customer11650@example.com,+91-9000011649,61,67.01,4041.66,Month-to-month,DSL,Credit card,No,Yes,0
C11651,Customer 11651,customer11651@example.com,+91-9000011650,14,63.4,886.49,One year,Fiber optic,Mailed check,Yes,Yes,0
C11652,Customer 11652,customer11652@example.com,+91-9000011651,2,118.12,236.19,Month-to-month,Fiber optic,Electronic check,No,Yes,1
C11653,Customer 11653,customer11653@example.com,+91-9000011652,4,39.92,171.65,Month-to-month,No,Bank transfer,No,Yes,1
C11654,Customer 11654,customer11654@example.com,+91-9000011653,43,124.71,5091.97,Month-to-month,Fiber optic,Bank transfer,No,No,0
C11655,Customer 11655,customer11655@example.com,+91-9000011654,12,62.91,787.9,One year,No,Electronic check,Yes,No,0
C11656,Customer 11656,customer11656@example.com,+91-9000011655,17,89.88,1407.11,One year,DSL,Electronic check,No,No,1
C11657,Customer 11657,customer11657@example.com,+91-9000011656,62,121.79,7706.36,Month-to-month,Fiber optic,Credit card,No,Yes,1
C11658,Customer 11658,customer11658@example.com,+91-9000011657,63,30.76,1985.22,Month-to-month,Fiber optic,Credit card,No,Yes,0
C11659,Customer 11659,customer11659@example.com,+91-9000011658,61,117.29,7445.12,Month-to-month,Fiber optic,Bank transfer,Yes,Yes,0
C11660,Customer 11660,customer11660@example.com,+91-9000011659,19,81.78,1659.72,Two year,Fiber optic,Electronic check,Yes,Yes,1
C11661,Customer 11661,customer11661@example.com,+91-9000011660,45,95.44,4469.23,Month-to-month,No,Bank transfer,No,No,1
C11662,Customer 11662,customer11662@example.com,+91-9000011661,44,39.92,1821.72,One year,DSL,Electronic check,Yes,No,1
C11663,Customer 11663,customer11663@example.com,+91-9000011662,14,78.34,1053.55,Month-to-month,Fiber optic,Electronic check,Yes,No,1
C11664,Customer 11664,customer11664@example.com,+91-9000011663,40,92.35,3985.29,Month-to-month,No,Bank transfer,No,No,1
C11665,Customer 11665,customer11665@example.com,+91-9000011664,38,70.62,2670.0,One year,No,Electronic check,Yes,Yes,0
C11666,Customer 11666,customer11666@example.com,+91-9000011665,29,40.5,1158.99,Month-to-month,No,Mailed check,No,Yes,0
C11667,Customer 11667,customer11667@example.com,+91-9000011666,55,49.41,2718.37,Month-to-month,No,Bank transfer,No,No,1
C11668,Customer 11668,customer11668@example.com,+91-9000011667,49,110.44,5319.83,Two year,DSL,Electronic check,No,No,0
C11669,Customer 11669,customer11669@example.com,+91-9000011668,39,28.45,1126.17,Month-to-month,No,Electronic check,Yes,Yes,1
C11670,Customer 11670,customer11670@example.com,+91-9000011669,53,95.89,4959.89,Month-to-month,Fiber optic,Credit card,No,Yes,1
C11671,Customer 11671,customer11671@example.com,+91-9000011670,55,124.94,6585.78,Month-to-month,Fiber optic,Electronic check,No,No,1
C11672,Customer 11672,customer11672@example.com,+91-9000011671,41,25.75,1128.05,Month-to-month,Fiber optic,Electronic check,No,Yes,1
C11673,Customer 11673,customer11673@example.com,+91-9000011672,20,41.1,878.27,One year,Fiber optic,Bank transfer,Yes,No,0
C11674,Customer 11674,customer11674@example.com,+91-9000011673,55,92.41,5079.5,Month-to-month,Fiber optic,Electronic check,Yes,Yes,1
C11675,Customer 11675,customer11675@example.com,+91-9000011674,52,31.0,1731.2,Two year,Fiber optic,Bank transfer,No,No,0
C11676,Customer 11676,customer11676@example.com,+91-9000011675,71,83.98,5882.17,One year,DSL,Bank transfer,Yes,Yes,0
C11677,Customer 11677,customer11677@example.com,+91-9000011676,11,93.4,1008.89,Two year,DSL,Electronic check,No,No,1
C11678,Customer 11678,customer11678@example.com,+91-9000011677,31,83.81,2771.42,Two year,Fiber optic,Credit card,Yes,No,1
C11679,Customer 11679,customer11679@example.com,+91-9000011678,67,61.52,4209.5,Two year,DSL,Bank transfer,Yes,Yes,0
C11680,Customer 11680,customer11680@example.com,+91-9000011679,38,94.73,3750.94,One year,Fiber optic,Bank transfer,No,No,0
C11681,Customer 11681,customer11681@example.com,+91-9000011680,68,84.43,5661.09,Month-to-month,DSL,Electronic check,No,No,0
C11682,Customer 11682,customer11682@example.com,+91-9000011681,1,45.76,45.08,Month-to-month,Fiber optic,Bank transfer,No,No,1
C11683,Customer 11683,customer11683@example.com,+91-9000011682,3,81.31,227.67,One year,DSL,Electronic check,No,No,0
C11684,Customer 11684,customer11684@example.com,+91-9000011683,58,113.19,7055.29,Month-to-month,DSL,Bank transfer,No,No,0
C11685,Customer 11685,customer11685@example.com,+91-9000011684,26,91.68,2279.93,One year,Fiber optic,Electronic check,No,Yes,1
C11686,Customer 11686,customer11686@example.com,+91-9000011685,38,72.18,2740.32,Month-to-month,DSL,Mailed check,Yes,Yes,1
C11687,Customer 11687,customer11687@example.com,+91-9000011686,31,57.16,1662.7,Two year,DSL,Electronic check,Yes,Yes,0
C11688,Customer 11688,customer11688@example.com,+91-9000011687,30,33.59,1031.39,Month-to-month,DSL,Mailed check,Yes,No,1
C11689,Customer 11689,customer11689@example.com,+91-9000011688,68,49.46,3304.56,Two year,DSL,Mailed check,No,No,0
C11690,Customer 11690,customer11690@example.com,+91-9000011689,7,26.12,190.67,Month-to-month,Fiber optic,Bank transfer,Yes,No,1
C11691,Customer 11691,customer11691@example.com,+91-9000011690,56,123.66,6956.4,Month-to-month,DSL,Electronic check,No,Yes,0
C11692,Customer 11692,customer11692@example.com,+91-9000011691,65,47.25,2889.18,Two year,Fiber optic,Bank transfer,No,No,1
C11693,Customer 11693,customer11693@example.com,+91-9000011692,48,106.49,4711.38,Two year,Fiber optic,Mailed check,No,No,0
C11694,Customer 11694,customer11694@example.com,+91-9000011693,29,41.86,1158.09,One year,Fiber optic,Bank transfer,No,Yes,1
C11695,Customer 11695,customer11695@example.com,+91-9000011694,12,53.36,663.3,Two year,Fiber optic,Bank transfer,No,No,1
C11696,Customer 11696,customer11696@example.com,+91-9000011695,50,66.83,3517.14,Month-to-month,DSL,Electronic check,No,Yes,0
C11697,Customer 11697,customer11697@example.com,+91-9000011696,34,57.44,1903.38,Two year,No,Credit card,Yes,No,0
C11698,Customer 11698,customer11698@example.com,+91-9000011697,11,104.84,1159.87,Month-to-month,Fiber optic,Electronic check,No,No,1
C11699,Customer 11699,customer11699@example.com,+91-9000011698,26,120.77,3009.4,Month-to-month,DSL,Electronic check,Yes,No,0
C11700,Customer 11700,customer11700@example.com,+91-9000011699,70,112.53,8356.59,Month-to-month,No,Electronic check,No,Yes,1
C11701,Customer 11701,customer11701@example.com,+91-9000011700,20,40.36,867.28,Month-to-month,Fiber optic,Bank transfer,No,Yes,1
C11702,Customer 11702,customer11702@example.com,+91-9000011701,13,102.67,1388.73,One year,Fiber optic,Mailed check,Yes,No,1
C11703,Customer 11703,customer11703@example.com,+91-9000011702,50,39.79,1858.63,One year,No,Credit card,Yes,No,1
C11704,Customer 11704,customer11704@example.com,+91-9000011703,15,116.34,1727.54,Month-to-month,DSL,Electronic check,No,Yes,0
C11705,Customer 11705,customer11705@example.com,+91-9000011704,67,76.79,5548.71,Two year,Fiber optic,Electronic check,No,Yes,0
C11706,Customer 11706,customer11706@example.com,+91-9000011705,62,58.64,3478.26,Month-to-month,Fiber optic,Credit card,Yes,No,1
C11707,Customer 11707,customer11707@example.com,+91-9000011706,71,40.7,2968.52,Month-to-month,Fiber optic,Bank transfer,Yes,No,1
C11708,Customer 11708,customer11708@example.com,+91-9000011707,66,26.18,1849.13,One year,DSL,Electronic check,No,Yes,0
C11709,Customer 11709,customer11709@example.com,+91-9000011708,18,49.79,935.4,Month-to-month,DSL,Bank transfer,No,Yes,1
C11710,Customer 11710,customer11710@example.com,+91-9000011709,16,116.4,1894.84,Month-to-month,No,Bank transfer,No,No,1
C11711,Customer 11711,customer11711@example.com,+91-9000011710,25,104.73,2621.06,One year,DSL,Mailed check,Yes,No,0
C11712,Customer 11712,customer11712@example.com,+91-9000011711,34,121.98,4431.87,Month-to-month,DSL,Credit card,No,No,0
C11713,Customer 11713,customer11713@example.com,+91-9000011712,64,35.08,2207.31,Month-to-month,Fiber optic,Electronic check,No,No,1
C11714,Customer 11714,customer11714@example.com,+91-9000011713,53,84.22,4750.24,One year,Fiber optic,Credit card,No,Yes,0
C11715,Customer 11715,customer11715@example.com,+91-9000011714,47,50.72,2357.54,Month-to-month,DSL,Electronic check,No,No,1
C11716,Customer 11716,customer11716@example.com,+91-9000011715,64,79.29,5282.86,Two year,Fiber optic,Credit card,No,Yes,0
C11717,Customer 11717,customer11717@example.com,+91-9000011716,47,57.05,2859.7,One year,Fiber optic,Bank transfer,No,No,0
C11718,Customer 11718,customer11718@example.com,+91-9000011717,28,53.35,1505.9,Month-to-month,Fiber optic,Electronic check,Yes,Yes,1
C11719,Customer 11719,customer11719@example.com,+91-9000011718,30,82.38,2396.22,Month-to-month,DSL,Bank transfer,Yes,Yes,0
C11720,Customer 11720,customer11720@example.com,+91-9000011719,38,43.33,1528.25,Month-to-month,DSL,Electronic check,No,Yes,1
C11721,Customer 11721,customer11721@example.com,+91-9000011720,7,71.91,528.28,One year,Fiber optic,Electronic check,Yes,Yes,1
C11722,Customer 11722,customer11722@example.com,+91-9000011721,54,90.08,4959.28,Month-to-month,DSL,Bank transfer,No,No,1
C11723,Customer 11723,customer11723@example.com,+91-9000011722,47,37.82,1710.15,Two year,Fiber optic,Credit card,No,No,0
C11724,Customer 11724,customer11724@example.com,+91-9000011723,53,118.06,6635.03,Month-to-month,DSL,Credit card,No,No,1
C11725,Customer 11725,customer11725@example.com,+91-9000011724,39,75.57,3145.43,One year,Fiber optic,Bank transfer,Yes,No,0
C11726,Customer 11726,customer11726@example.com,+91-9000011725,57,106.95,6473.79,Month-to-month,No,Electronic check,Yes,No,0
C11727,Customer 11727,customer11727@example.com,+91-9000011726,69,90.39,6338.22,Month-to-month,Fiber optic,Bank transfer,No,Yes,0
C11728,Customer 11728,customer11728@example.com,+91-9000011727,42,96.0,4339.45,Month-to-month,No,Bank transfer,No,No,1
C11729,Customer 11729,customer11729@example.com,+91-9000011728,32,96.61,3276.92,One year,No,Electronic check,Yes,Yes,0
C11730,Customer 11730,customer11730@example.com,+91-9000011729,8,112.51,843.09,Two year,Fiber optic,Mailed check,No,Yes,1
C11731,Customer 11731,customer11731@example.com,+91-9000011730,57,86.36,5301.44,Month-to-month,Fiber optic,Mailed check,Yes,Yes,1
C11732,Customer 11732,customer11732@example.com,+91-9000011731,66,52.82,3513.34,Month-to-month,No,Electronic check,Yes,Yes,1
C11733,Customer 11733,customer11733@example.com,+91-9000011732,51,34.95,1902.24,Month-to-month,No,Credit card,No,No,0
C11734,Customer 11734,customer11734@example.com,+91-9000011733,63,85.63,5619.4,Month-to-month,No,Bank transfer,No,Yes,1
C11735,Customer 11735,customer11735@example.com,+91-9000011734,63,31.64,2040.38,Two year,Fiber optic,Electronic check,No,Yes,0
C11736,Customer 11736,customer11736@example.com,+91-9000011735,58,49.13,2770.52,Two year,DSL,Bank transfer,No,No,0
C11737,Customer 11737,customer11737@example.com,+91-9000011736,37,31.07,1062.59,Two year,No,Electronic check,No,Yes,1
C11738,Customer 11738,customer11738@example.com,+91-9000011737,8,79.89,616.29,Month-to-month,No,Electronic check,Yes,No,1
C11739,Customer 11739,customer11739@example.com,+91-9000011738,1,41.03,42.25,Month-to-month,Fiber optic,Mailed check,No,Yes,1
C11740,Customer 11740,customer11740@example.com,+91-9000011739,15,86.04,1365.58,One year,No,Bank transfer,Yes,No,0
C11741,Customer 11741,customer11741@example.com,+91-9000011740,32,104.09,3065.66,Month-to-month,Fiber optic,Electronic check,No,No,1
C11742,Customer 11742,customer11742@example.com,+91-9000011741,54,107.19,5517.81,One year,No,Bank transfer,No,Yes,0
C11743,Customer 11743,customer11743@example.com,+91-9000011742,33,55.95,1897.48,Month-to-month,DSL,Mailed check,No,No,0
C11744,Customer 11744,customer11744@example.com,+91-9000011743,2,79.9,154.27,Month-to-month,No,Bank transfer,Yes,No,0
C11745,Customer 11745,customer11745@example.com,+91-9000011744,16,81.3,1226.23,Two year,DSL,Mailed check,No,Yes,0
C11746,Customer 11746,customer11746@example.com,+91-9000011745,71,72.29,4789.27,Month-to-month,DSL,Credit card,No,No,0
C11747,Customer 11747,customer11747@example.com,+91-9000011746,72,90.51,6660.48,Two year,DSL,Electronic check,No,No,0
C11748,Customer 11748,customer11748@example.com,+91-9000011747,28,46.01,1307.83,Month-to-month,Fiber optic,Credit card,No,Yes,1
C11749,Customer 11749,customer11749@example.com,+91-9000011748,58,122.92,7538.43,Month-to-month,DSL,Credit card,No,Yes,1
C11750,Customer 11750,customer11750@example.com,+91-9000011749,52,34.81,1756.49,Month-to-month,No,Credit card,No,Yes,0
C11751,Customer 11751,customer11751@example.com,+91-9000011750,68,107.92,6912.01,Month-to-month,Fiber optic,Electronic check,No,No,1
C11752,Customer 11752,customer11752@example.com,+91-9000011751,64,84.41,5660.82,Month-to-month,No,Electronic check,No,No,0
C11753,Customer 11753,customer11753@example.com,+91-9000011752,46,49.49,2454.36,Month-to-month,DSL,Electronic check,No,No,1
C11754,Customer 11754,customer11754@example.com,+91-9000011753,29,99.57,2823.03,One year,DSL,Bank transfer,No,No,0
C11755,Customer 11755,customer11755@example.com,+91-9000011754,46,33.45,1628.65,Two year,Fiber optic,Credit card,No,Yes,0
C11756,Customer 11756,customer11756@example.com,+91-9000011755,23,102.44,2455.09,Month-to-month,Fiber optic,Credit card,No,No,1
C11757,Customer 11757,customer11757@example.com,+91-9000011756,26,84.0,2327.82,Month-to-month,Fiber optic,Bank transfer,No,No,1
C11758,Customer 11758,customer11758@example.com,+91-9000011757,44,36.08,1568.31,Month-to-month,Fiber optic,Electronic check,No,No,0
C11759,Customer 11759,customer11759@example.com,+91-9000011758,42,32.95,1295.62,One year,Fiber optic,Electronic check,No,Yes,0
C11760,Customer 11760,customer11760@example.com,+91-9000011759,42,100.08,3946.69,One year,Fiber optic,Credit card,No,Yes,0
C11761,Customer 11761,customer11761@example.com,+91-9000011760,28,54.29,1584.13,Month-to-month,No,Bank transfer,No,Yes,0
C11762,Customer 11762,customer11762@example.com,+91-9000011761,30,113.93,3616.59,Month-to-month,Fiber optic,Credit card,No,No,1
C11763,Customer 11763,customer11763@example.com,+91-9000011762,1,101.21,100.51,Month-to-month,Fiber optic,Electronic check,No,No,1
C11764,Customer 11764,customer11764@example.com,+91-9000011763,44,94.82,3878.08,Month-to-month,Fiber optic,Bank transfer,Yes,Yes,1
C11765,Customer 11765,customer11765@example.com,+91-9000011764,42,52.86,2066.21,Month-to-month,DSL,Mailed check,Yes,Yes,0
C11766,Customer 11766,customer11766@example.com,+91-9000011765,68,95.89,6623.39,Two year,DSL,Electronic check,Yes,Yes,0
C11767,Customer 11767,customer11767@example.com,+91-9000011766,37,119.81,4729.89,Month-to-month,Fiber optic,Electronic check,No,No,1
C11768,Customer 11768,customer11768@example.com,+91-9000011767,34,34.16,1142.78,Month-to-month,Fiber optic,Bank transfer,No,No,1
C11769,Customer 11769,customer11769@example.com,+91-9000011768,5,57.62,295.04,Month-to-month,DSL,Bank transfer,No,Yes,0
C11770,Customer 11770,customer11770@example.com,+91-9000011769,15,48.47,731.94,One year,Fiber optic,Mailed check,Yes,No,0
C11771,Customer 11771,customer11771@example.com,+91-9000011770,25,64.33,1708.54,Month-to-month,DSL,Mailed check,No,Yes,1
C11772,Customer 11772,customer11772@example.com,+91-9000011771,28,99.23,2926.2,Month-to-month,DSL,Credit card,No,No,1
C11773,Customer 11773,customer11773@example.com,+91-9000011772,27,72.42,1861.28,Month-to-month,No,Electronic check,No,No,1
C11774,Customer 11774,customer11774@example.com,+91-9000011773,29,82.07,2447.64,One year,Fiber optic,Bank transfer,Yes,Yes,0
C11775,Customer 11775,customer11775@example.com,+91-9000011774,56,56.42,3335.19,Month-to-month,DSL,Mailed check,Yes,No,0
C11776,Customer 11776,customer11776@example.com,+91-9000011775,10,39.13,418.24,Two year,Fiber optic,Bank transfer,Yes,No,0
C11777,Customer 11777,customer11777@example.com,+91-9000011776,24,51.69,1258.41,Month-to-month,Fiber optic,Mailed check,No,No,1
C11778,Customer 11778,customer11778@example.com,+91-9000011777,12,110.97,1262.59,Month-to-month,Fiber optic,Bank transfer,No,No,1
C11779,Customer 11779,customer11779@example.com,+91-9000011778,23,85.24,1978.79,Two year,No,Electronic check,Yes,No,0
C11780,Customer 11780,customer11780@example.com,+91-9000011779,50,62.8,3223.31,Two year,Fiber optic,Bank transfer,Yes,Yes,0
C11781,Customer 11781,customer11781@example.com,+91-9000011780,4,103.99,400.82,Month-to-month,Fiber optic,Credit card,Yes,No,1
C11782,Customer 11782,customer11782@example.com,+91-9000011781,25,31.45,845.75,Two year,Fiber optic,Electronic check,No,No,1
C11783,Customer 11783,customer11783@example.com,+91-9000011782,2,50.39,96.42,Month-to-month,Fiber optic,Electronic check,Yes,Yes,1
C11784,Customer 11784,customer11784@example.com,+91-9000011783,69,48.01,3530.72,Month-to-month,DSL,Credit card,Yes,No,0
C11785,Customer 11785,customer11785@example.com,+91-9000011784,53,123.54,6469.24,Two year,DSL,Electronic check,Yes,No,0
C11786,Customer 11786,customer11786@example.com,+91-9000011785,18,95.61,1583.45,One year,No,Electronic check,No,Yes,0
C11787,Customer 11787,customer11787@example.com,+91-9000011786,15,86.78,1310.72,Month-to-month,Fiber optic,Credit card,No,No,0
C11788,Customer 11788,customer11788@example.com,+91-9000011787,8,25.5,208.19,One year,Fiber optic,Credit card,No,Yes,0
C11789,Customer 11789,customer11789@example.com,+91-9000011788,35,43.43,1609.88,Month-to-month,DSL,Bank transfer,Yes,No,0
C11790,Customer 11790,customer11790@example.com,+91-9000011789,55,88.55,4901.86,Month-to-month,Fiber optic,Mailed check,No,No,1
C11791,Customer 11791,customer11791@example.com,+91-9000011790,43,62.97,2531.87,Two year,DSL,Mailed check,No,Yes,1
C11792,Customer 11792,customer11792@example.com,+91-9000011791,64,117.43,8028.76,Month-to-month,Fiber optic,Bank transfer,No,No,1
C11793,Customer 11793,customer11793@example.com,+91-9000011792,25,101.47,2563.28,One year,Fiber optic,Electronic check,Yes,Yes,1
C11794,Customer 11794,customer11794@example.com,+91-9000011793,21,69.74,1411.0,One year,Fiber optic,Credit card,No,No,0
C11795,Customer 11795,customer11795@example.com,+91-9000011794,35,99.95,3721.5,One year,No,Electronic check,No,No,0
C11796,Customer 11796,customer11796@example.com,+91-9000011795,15,122.54,1726.61,Month-to-month,DSL,Credit card,No,Yes,1
C11797,Customer 11797,customer11797@example.com,+91-9000011796,71,71.1,4722.99,Two year,Fiber optic,Bank transfer,No,No,0
C11798,Customer 11798,customer11798@example.com,+91-9000011797,14,89.25,1256.5,One year,No,Bank transfer,No,Yes,0
C11799,Customer 11799,customer11799@example.com,+91-9000011798,35,116.87,4172.18,One year,Fiber optic,Bank transfer,No,No,1
C11800,Customer 11800,customer11800@example.com,+91-9000011799,38,49.87,1898.38,Month-to-month,Fiber optic,Bank transfer,Yes,No,1
C11801,Customer 11801,customer11801@example.com,+91-9000011800,5,113.66,607.31,Month-to-month,Fiber optic,Mailed check,Yes,No,1
C11802,Customer 11802,customer11802@example.com,+91-9000011801,34,34.75,1136.66,Month-to-month,Fiber optic,Electronic check,No,Yes,1
C11803,Customer 11803,customer11803@example.com,+91-9000011802,33,89.84,3197.27,Month-to-month,No,Mailed check,Yes,No,1
C11804,Customer 11804,customer11804@example.com,+91-9000011803,19,103.28,1811.41,Month-to-month,Fiber optic,Electronic check,No,No,1
C11805,Customer 11805,customer11805@example.com,+91-9000011804,10,86.46,811.83,One year,No,Credit card,Yes,No,1
C11806,Customer 11806,customer11806@example.com,+91-9000011805,4,74.55,283.2,Two year,Fiber optic,Mailed check,Yes,No,1
C11807,Customer 11807,customer11807@example.com,+91-9000011806,1,86.73,80.9,Month-to-month,Fiber optic,Bank transfer,Yes,No,1
C11808,Customer 11808,customer11808@example.com,+91-9000011807,35,40.17,1392.05,Month-to-month,DSL,Electronic check,No,Yes,1
C11809,Customer 11809,customer11809@example.com,+91-9000011808,7,46.56,344.97,One year,Fiber optic,Credit card,No,Yes,1
C11810,Customer 11810,customer11810@example.com,+91-9000011809,70,51.99,3826.07,Month-to-month,No,Credit card,No,No,1
C11811,Customer 11811,customer11811@example.com,+91-9000011810,18,84.78,1585.8,Two year,Fiber optic,Electronic check,Yes,Yes,0
C11812,Customer 11812,customer11812@example.com,+91-9000011811,47,69.19,2995.63,Month-to-month,DSL,Bank transfer,No,No,1
C11813,Customer 11813,customer11813@example.com,+91-9000011812,49,49.45,2564.83,Month-to-month,Fiber optic,Credit card,No,No,1
C11814,Customer 11814,customer11814@example.com,+91-9000011813,36,113.28,4010.55,Month-to-month,Fiber optic,Electronic check,No,No,0
C11815,Customer 11815,customer11815@example.com,+91-9000011814,64,62.39,4140.95,Two year,No,Bank transfer,No,No,0
C11816,Customer 11816,customer11816@example.com,+91-9000011815,8,69.6,577.02,Month-to-month,DSL,Bank transfer,Yes,No,1
C11817,Customer 11817,customer11817@example.com,+91-9000011816,17,65.97,1063.62,One year,DSL,Electronic check,No,No,1
C11818,Customer 11818,customer11818@example.com,+91-9000011817,19,43.19,822.63,Month-to-month,Fiber optic,Credit card,No,No,1
C11819,Customer 11819,customer11819@example.com,+91-9000011818,10,98.16,1048.53,Month-to-month,DSL,Electronic check,Yes,Yes,0
C11820,Customer 11820,customer11820@example.com,+91-9000011819,22,69.85,1478.44,Two year,No,Mailed check,No,Yes,0
C11821,Customer 11821,customer11821@example.com,+91-9000011820,23,26.63,633.56,Month-to-month,Fiber optic,Bank transfer,No,Yes,1
C11822,Customer 11822,customer11822@example.com,+91-9000011821,56,121.4,7296.64,Month-to-month,Fiber optic,Bank transfer,Yes,No,0
C11823,Customer 11823,customer11823@example.com,+91-9000011822,22,106.58,2292.47,Month-to-month,DSL,Bank transfer,No,Yes,0
C11824,Customer 11824,customer11824@example.com,+91-9000011823,64,97.36,6119.01,Two year,Fiber optic,Bank transfer,Yes,No,0
C11825,Customer 11825,customer11825@example.com,+91-9000011824,56,111.91,6219.39,Month-to-month,No,Credit card,Yes,No,1
C11826,Customer 11826,customer11826@example.com,+91-9000011825,65,115.68,7891.0,Month-to-month,Fiber optic,Credit card,No,Yes,1
C11827,Customer 11827,customer11827@example.com,+91-9000011826,8,58.75,465.43,Two year,DSL,Credit card,No,No,0
C11828,Customer 11828,customer11828@example.com,+91-9000011827,71,86.1,6099.65,One year,DSL,Bank transfer,No,Yes,0
C11829,Customer 11829,customer11829@example.com,+91-9000011828,45,85.88,3692.9,Two year,No,Electronic check,No,No,0
C11830,Customer 11830,customer11830@example.com,+91-9000011829,71,51.73,3959.81,One year,No,Electronic check,No,No,0
C11831,Customer 11831,customer11831@example.com,+91-9000011830,26,47.2,1304.24,One year,DSL,Credit card,No,Yes,0
C11832,Customer 11832,customer11832@example.com,+91-9000011831,69,36.39,2551.19,Month-to-month,Fiber optic,Bank transfer,No,Yes,1
C11833,Customer 11833,customer11833@example.com,+91-9000011832,43,90.93,4198.12,Month-to-month,DSL,Bank transfer,Yes,No,0
C11834,Customer 11834,customer11834@example.com,+91-9000011833,6,103.09,637.05,One year,Fiber optic,Bank transfer,No,Yes,1
C11835,Customer 11835,customer11835@example.com,+91-9000011834,30,101.1,3255.79,One year,DSL,Bank transfer,No,No,0
C11836,Customer 11836,customer11836@example.com,+91-9000011835,10,56.63,535.63,Two year,Fiber optic,Credit card,No,No,1
C11837,Customer 11837,customer11837@example.com,+91-9000011836,68,45.53,2960.04,One year,No,Bank transfer,No,Yes,1
C11838,Customer 11838,customer11838@example.com,+91-9000011837,22,70.36,1643.32,Month-to-month,DSL,Mailed check,Yes,Yes,1
C11839,Customer 11839,customer11839@example.com,+91-9000011838,17,79.68,1337.19,Month-to-month,Fiber optic,Electronic check,No,Yes,0
C11840,Customer 11840,customer11840@example.com,+91-9000011839,40,116.91,4580.0,One year,DSL,Bank transfer,No,No,0
C11841,Customer 11841,customer11841@example.com,+91-9000011840,31,112.48,3628.77,Month-to-month,DSL,Electronic check,No,No,1
C11842,Customer 11842,customer11842@example.com,+91-9000011841,7,116.61,833.29,One year,DSL,Credit card,No,Yes,1
C11843,Customer 11843,customer11843@example.com,+91-9000011842,59,110.03,6329.81,One year,DSL,Bank transfer,No,No,0
C11844,Customer 11844,customer11844@example.com,+91-9000011843,61,121.46,7287.98,Month-to-month,No,Bank transfer,No,No,1
C11845,Customer 11845,customer11845@example.com,+91-9000011844,54,71.55,3807.06,One year,DSL,Credit card,No,No,0
C11846,Customer 11846,customer11846@example.com,+91-9000011845,45,29.75,1258.71,One year,No,Bank transfer,No,Yes,0
C11847,Customer 11847,customer11847@example.com,+91-9000011846,29,33.36,925.58,Two year,DSL,Electronic check,Yes,Yes,0
C11848,Customer 11848,customer11848@example.com,+91-9000011847,40,64.03,2576.58,Month-to-month,Fiber optic,Bank transfer,Yes,Yes,1
C11849,Customer 11849,customer11849@example.com,+91-9000011848,38,50.77,2016.25,One year,Fiber optic,Electronic check,No,No,1
C11850,Customer 11850,customer11850@example.com,+91-9000011849,12,41.99,497.35,Month-to-month,No,Mailed check,No,No,0
C11851,Customer 11851,customer11851@example.com,+91-9000011850,6,120.32,708.45,Month-to-month,DSL,Credit card,Yes,Yes,1
C11852,Customer 11852,customer11852@example.com,+91-9000011851,19,44.54,866.64,Month-to-month,DSL,Credit card,Yes,Yes,0
C11853,Customer 11853,customer11853@example.com,+91-9000011852,33,120.94,3772.15,Two year,Fiber optic,Credit card,No,No,0
C11854,Customer 11854,customer11854@example.com,+91-9000011853,12,101.08,1189.82,Two year,Fiber optic,Credit card,No,Yes,0
C11855,Customer 11855,customer11855@example.com,+91-9000011854,8,89.09,679.44,Month-to-month,Fiber optic,Bank transfer,No,No,1
C11856,Customer 11856,customer11856@example.com,+91-9000011855,62,92.6,5880.5,One year,DSL,Electronic check,No,No,0
C11857,Customer 11857,customer11857@example.com,+91-9000011856,27,58.15,1472.67,Month-to-month,DSL,Electronic check,No,Yes,1
C11858,Customer 11858,customer11858@example.com,+91-9000011857,43,89.64,3822.34,One year,Fiber optic,Mailed check,Yes,No,0
C11859,Customer 11859,customer11859@example.com,+91-9000011858,38,43.67,1685.0,Month-to-month,Fiber optic,Mailed check,No,Yes,1
C11860,Customer 11860,customer11860@example.com,+91-9000011859,53,118.77,6630.88,One year,Fiber optic,Credit card,Yes,No,0
C11861,Customer 11861,customer11861@example.com,+91-9000011860,54,55.18,3086.78,Month-to-month,DSL,Electronic check,No,Yes,1
C11862,Customer 11862,customer11862@example.com,+91-9000011861,22,50.52,1190.19,One year,DSL,Electronic check,Yes,No,0
C11863,Customer 11863,customer11863@example.com,+91-9000011862,62,96.12,6130.96,Month-to-month,No,Credit card,Yes,No,1
C11864,Customer 11864,customer11864@example.com,+91-9000011863,27,90.64,2388.23,One year,Fiber optic,Electronic check,Yes,Yes,1
C11865,Customer 11865,customer11865@example.com,+91-9000011864,61,70.13,4094.3,One year,DSL,Bank transfer,Yes,No,0
C11866,Customer 11866,customer11866@example.com,+91-9000011865,30,88.24,2459.39,Month-to-month,No,Electronic check,No,No,0
C11867,Customer 11867,customer11867@example.com,+91-9000011866,8,40.95,315.94,Month-to-month,Fiber optic,Electronic check,No,No,1
C11868,Customer 11868,customer11868@example.com,+91-9000011867,55,92.33,4783.09,Two year,DSL,Credit card,No,Yes,0
C11869,Customer 11869,customer11869@example.com,+91-9000011868,3,52.06,152.91,One year,Fiber optic,Mailed check,No,Yes,1
C11870,Customer 11870,customer11870@example.com,+91-9000011869,56,52.28,3022.57,Month-to-month,Fiber optic,Credit card,No,Yes,1
C11871,Customer 11871,customer11871@example.com,+91-9000011870,4,41.22,169.95,Month-to-month,Fiber optic,Bank transfer,Yes,No,0
C11872,Customer 11872,customer11872@example.com,+91-9000011871,15,58.24,848.18,Month-to-month,Fiber optic,Bank transfer,No,No,1
C11873,Customer 11873,customer11873@example.com,+91-9000011872,44,58.13,2561.22,One year,Fiber optic,Mailed check,No,Yes,0
C11874,Customer 11874,customer11874@example.com,+91-9000011873,68,70.42,4571.56,One year,DSL,Bank transfer,No,No,0
C11875,Customer 11875,customer11875@example.com,+91-9000011874,30,44.04,1321.83,Month-to-month,No,Bank transfer,No,Yes,1
C11876,Customer 11876,customer11876@example.com,+91-9000011875,9,44.3,399.34,One year,Fiber optic,Credit card,Yes,No,0
C11877,Customer 11877,customer11877@example.com,+91-9000011876,17,79.17,1303.1,One year,Fiber optic,Electronic check,No,No,0
C11878,Customer 11878,customer11878@example.com,+91-9000011877,65,37.89,2368.07,One year,Fiber optic,Electronic check,No,No,0
C11879,Customer 11879,customer11879@example.com,+91-9000011878,53,93.89,5358.0,Month-to-month,Fiber optic,Credit card,No,No,1
C11880,Customer 11880,customer11880@example.com,+91-9000011879,8,119.39,960.79,Month-to-month,Fiber optic,Bank transfer,Yes,Yes,1
C11881,Customer 11881,customer11881@example.com,+91-9000011880,28,67.68,1913.86,Month-to-month,Fiber optic,Electronic check,No,No,1
C11882,Customer 11882,customer11882@example.com,+91-9000011881,20,115.11,2120.89,Month-to-month,No,Electronic check,No,No,1
C11883,Customer 11883,customer11883@example.com,+91-9000011882,13,34.83,429.74,Month-to-month,Fiber optic,Mailed check,Yes,Yes,0
C11884,Customer 11884,customer11884@example.com,+91-9000011883,61,29.3,1746.3,Month-to-month,Fiber optic,Bank transfer,No,No,1
C11885,Customer 11885,customer11885@example.com,+91-9000011884,45,97.14,4697.21,Month-to-month,DSL,Bank transfer,Yes,No,1
C11886,Customer 11886,customer11886@example.com,+91-9000011885,13,101.1,1246.01,One year,Fiber optic,Electronic check,No,No,0
C11887,Customer 11887,customer11887@example.com,+91-9000011886,47,109.31,4975.87,Month-to-month,Fiber optic,Mailed check,Yes,No,1
C11888,Customer 11888,customer11888@example.com,+91-9000011887,30,30.68,992.58,One year,DSL,Mailed check,Yes,Yes,0
C11889,Customer 11889,customer11889@example.com,+91-9000011888,5,102.69,511.9,Month-to-month,Fiber optic,Bank transfer,Yes,No,1
C11890,Customer 11890,customer11890@example.com,+91-9000011889,33,62.65,2007.38,One year,DSL,Electronic check,No,Yes,0
C11891,Customer 11891,customer11891@example.com,+91-9000011890,14,55.33,791.27,Month-to-month,DSL,Credit card,No,Yes,1
C11892,Customer 11892,customer11892@example.com,+91-9000011891,18,42.3,760.95,One year,DSL,Credit card,Yes,No,0
C11893,Customer 11893,customer11893@example.com,+91-9000011892,64,124.6,8558.06,One year,DSL,Credit card,Yes,Yes,0
C11894,Customer 11894,customer11894@example.com,+91-9000011893,52,31.37,1522.45,Month-to-month,DSL,Mailed check,No,Yes,1
C11895,Customer 11895,customer11895@example.com,+91-9000011894,10,107.7,1127.07,One year,Fiber optic,Bank transfer,No,No,1
C11896,Customer 11896,customer11896@example.com,+91-9000011895,62,88.95,5319.97,Month-to-month,Fiber optic,Electronic check,Yes,Yes,1
C11897,Customer 11897,customer11897@example.com,+91-9000011896,42,98.51,4340.43,One year,DSL,Bank transfer,No,No,0
C11898,Customer 11898,customer11898@example.com,+91-9000011897,63,96.17,6395.79,Month-to-month,DSL,Credit card,Yes,No,1
C11899,Customer 11899,customer11899@example.com,+91-9000011898,54,110.84,6319.8,Month-to-month,Fiber optic,Electronic check,No,No,1
C11900,Customer 11900,customer11900@example.com,+91-9000011899,25,43.38,1148.13,Month-to-month,DSL,Electronic check,Yes,Yes,0
C11901,Customer 11901,customer11901@example.com,+91-9000011900,39,25.08,1012.26,Two year,Fiber optic,Credit card,No,No,0
C11902,Customer 11902,customer11902@example.com,+91-9000011901,39,84.85,3119.82,Month-to-month,Fiber optic,Bank transfer,No,No,1
C11903,Customer 11903,customer11903@example.com,+91-9000011902,52,60.39,2915.14,One year,Fiber optic,Credit card,No,No,0
C11904,Customer 11904,customer11904@example.com,+91-9000011903,18,37.38,655.7,Month-to-month,No,Electronic check,No,Yes,1
C11905,Customer 11905,customer11905@example.com,+91-9000011904,24,43.61,1045.81,Month-to-month,Fiber optic,Electronic check,No,Yes,1
C11906,Customer 11906,customer11906@example.com,+91-9000011905,18,58.17,1013.99,Month-to-month,No,Electronic check,No,No,1
C11907,Customer 11907,customer11907@example.com,+91-9000011906,22,32.02,731.74,Two year,No,Credit card,No,Yes,0
C11908,Customer 11908,customer11908@example.com,+91-9000011907,12,30.69,381.39,One year,DSL,Credit card,No,No,0
C11909,Customer 11909,customer11909@example.com,+91-9000011908,3,116.6,376.21,Month-to-month,DSL,Bank transfer,No,No,1
C11910,Customer 11910,customer11910@example.com,+91-9000011909,68,56.21,3761.47,One year,DSL,Bank transfer,Yes,No,0
C11911,Customer 11911,customer11911@example.com,+91-9000011910,6,123.22,773.12,Month-to-month,Fiber optic,Electronic check,Yes,No,1
C11912,Customer 11912,customer11912@example.com,+91-9000011911,64,121.44,8072.1,Month-to-month,Fiber optic,Credit card,Yes,No,1
C11913,Customer 11913,customer11913@example.com,+91-9000011912,1,39.26,42.33,Month-to-month,DSL,Mailed check,No,No,1
C11914,Customer 11914,customer11914@example.com,+91-9000011913,56,96.49,5639.99,Month-to-month,DSL,Credit card,Yes,No,0
C11915,Customer 11915,customer11915@example.com,+91-9000011914,24,85.08,1971.21,Month-to-month,Fiber optic,Electronic check,Yes,Yes,1
C11916,Customer 11916,customer11916@example.com,+91-9000011915,38,94.06,3297.07,One year,Fiber optic,Bank transfer,No,No,0
C11917,Customer 11917,customer11917@example.com,+91-9000011916,21,34.62,781.48,Month-to-month,Fiber optic,Electronic check,Yes,No,0
C11918,Customer 11918,customer11918@example.com,+91-9000011917,36,43.86,1633.55,Two year,No,Electronic check,Yes,No,0
C11919,Customer 11919,customer11919@example.com,+91-9000011918,33,32.66,1131.69,One year,DSL,Electronic check,No,Yes,1
C11920,Customer 11920,customer11920@example.com,+91-9000011919,39,85.41,3487.28,Two year,Fiber optic,Electronic check,Yes,Yes,0
C11921,Customer 11921,customer11921@example.com,+91-9000011920,29,123.66,3721.42,One year,No,Electronic check,No,No,1
C11922,Customer 11922,customer11922@example.com,+91-9000011921,39,92.2,3740.48,Two year,Fiber optic,Credit card,Yes,Yes,0
C11923,Customer 11923,customer11923@example.com,+91-9000011922,60,96.08,6160.92,Month-to-month,Fiber optic,Electronic check,No,No,1
C11924,Customer 11924,customer11924@example.com,+91-9000011923,32,123.46,4212.49,Month-to-month,Fiber optic,Credit card,No,No,1
C11925,Customer 11925,customer11925@example.com,+91-9000011924,27,92.8,2457.18,Month-to-month,DSL,Mailed check,Yes,Yes,0
C11926,Customer 11926,customer11926@example.com,+91-9000011925,10,29.02,268.42,Two year,No,Bank transfer,Yes,Yes,0
C11927,Customer 11927,customer11927@example.com,+91-9000011926,26,111.7,2689.84,Month-to-month,Fiber optic,Bank transfer,No,No,0
C11928,Customer 11928,customer11928@example.com,+91-9000011927,10,61.47,609.45,One year,Fiber optic,Credit card,No,Yes,1
C11929,Customer 11929,customer11929@example.com,+91-9000011928,14,25.44,375.25,One year,Fiber optic,Electronic check,Yes,No,1
C11930,Customer 11930,customer11930@example.com,+91-9000011929,69,75.72,5515.27,Month-to-month,Fiber optic,Bank transfer,No,No,1
C11931,Customer 11931,customer11931@example.com,+91-9000011930,7,118.7,818.19,Two year,DSL,Bank transfer,No,No,0
C11932,Customer 11932,customer11932@example.com,+91-9000011931,35,50.73,1719.19,Month-to-month,Fiber optic,Credit card,No,No,1
C11933,Customer 11933,customer11933@example.com,+91-9000011932,61,74.15,4527.93,Month-to-month,Fiber optic,Credit card,Yes,Yes,0
C11934,Customer 11934,customer11934@example.com,+91-9000011933,69,42.38,3079.81,One year,DSL,Credit card,Yes,No,0
C11935,Customer 11935,customer11935@example.com,+91-9000011934,11,30.77,345.86,Month-to-month,Fiber optic,Credit card,No,Yes,0
C11936,Customer 11936,customer11936@example.com,+91-9000011935,12,33.05,373.74,Month-to-month,No,Bank transfer,Yes,Yes,0
C11937,Customer 11937,customer11937@example.com,+91-9000011936,27,97.7,2579.75,Month-to-month,Fiber optic,Credit card,Yes,No,0
C11938,Customer 11938,customer11938@example.com,+91-9000011937,40,111.41,4495.92,Month-to-month,Fiber optic,Credit card,Yes,Yes,0
C11939,Customer 11939,customer11939@example.com,+91-9000011938,70,39.33,2769.95,One year,Fiber optic,Bank transfer,Yes,Yes,0
C11940,Customer 11940,customer11940@example.com,+91-9000011939,15,53.83,850.17,Two year,Fiber optic,Mailed check,No,No,0
C11941,Customer 11941,customer11941@example.com,+91-9000011940,12,44.5,570.92,Month-to-month,Fiber optic,Credit card,Yes,Yes,0
C11942,Customer 11942,customer11942@example.com,+91-9000011941,19,27.69,492.48,Month-to-month,No,Bank transfer,No,Yes,0
C11943,Customer 11943,customer11943@example.com,+91-9000011942,63,80.34,4838.24,Month-to-month,DSL,Electronic check,Yes,No,1
C11944,Customer 11944,customer11944@example.com,+91-9000011943,3,94.99,280.05,Two year,No,Electronic check,No,No,0
C11945,Customer 11945,customer11945@example.com,+91-9000011944,28,89.79,2432.22,One year,No,Credit card,No,No,0
C11946,Customer 11946,customer11946@example.com,+91-9000011945,9,63.81,565.86,Month-to-month,Fiber optic,Electronic check,No,No,1
C11947,Customer 11947,customer11947@example.com,+91-9000011946,12,80.5,895.01,Month-to-month,Fiber optic,Bank transfer,No,No,1
C11948,Customer 11948,customer11948@example.com,+91-9000011947,67,34.41,2145.38,Two year,DSL,Bank transfer,No,Yes,0
C11949,Customer 11949,customer11949@example.com,+91-9000011948,1,40.43,42.62,Two year,Fiber optic,Credit card,Yes,No,1
C11950,Customer 11950,customer11950@example.com,+91-9000011949,24,118.18,2655.97,Month-to-month,DSL,Credit card,No,Yes,0
C11951,Customer 11951,customer11951@example.com,+91-9000011950,66,101.15,7022.06,Two year,DSL,Credit card,No,No,1
C11952,Customer 11952,customer11952@example.com,+91-9000011951,44,117.27,5000.14,Month-to-month,No,Bank transfer,Yes,No,0
C11953,Customer 11953,customer11953@example.com,+91-9000011952,6,116.67,678.65,Month-to-month,DSL,Electronic check,No,Yes,1
C11954,Customer 11954,customer11954@example.com,+91-9000011953,34,89.94,2862.62,One year,Fiber optic,Credit card,Yes,No,0
C11955,Customer 11955,customer11955@example.com,+91-9000011954,70,117.82,7605.11,Month-to-month,DSL,Electronic check,No,No,1
C11956,Customer 11956,customer11956@example.com,+91-9000011955,29,66.67,1888.66,Month-to-month,Fiber optic,Bank transfer,No,Yes,0
C11957,Customer 11957,customer11957@example.com,+91-9000011956,39,25.36,1042.11,Two year,Fiber optic,Mailed check,No,No,0
C11958,Customer 11958,customer11958@example.com,+91-9000011957,39,31.26,1301.06,Two year,DSL,Bank transfer,No,No,0
C11959,Customer 11959,customer11959@example.com,+91-9000011958,48,35.95,1604.56,Month-to-month,Fiber optic,Bank transfer,No,Yes,0
C11960,Customer 11960,customer11960@example.com,+91-9000011959,14,34.54,447.27,One year,No,Credit card,No,Yes,0
C11961,Customer 11961,customer11961@example.com,+91-9000011960,61,60.17,3470.0,One year,Fiber optic,Credit card,No,No,0
C11962,Customer 11962,customer11962@example.com,+91-9000011961,72,95.13,7141.19,One year,No,Bank transfer,No,No,0
C11963,Customer 11963,customer11963@example.com,+91-9000011962,11,104.06,1090.61,Two year,Fiber optic,Bank transfer,No,No,1
C11964,Customer 11964,customer11964@example.com,+91-9000011963,59,84.02,4743.67,One year,Fiber optic,Electronic check,No,No,1
C11965,Customer 11965,customer11965@example.com,+91-9000011964,59,39.64,2484.3,Month-to-month,DSL,Bank transfer,No,No,1
C11966,Customer 11966,customer11966@example.com,+91-9000011965,54,99.79,5711.94,Month-to-month,DSL,Electronic check,Yes,Yes,1
C11967,Customer 11967,customer11967@example.com,+91-9000011966,27,60.48,1677.45,Two year,No,Bank transfer,No,Yes,0
C11968,Customer 11968,customer11968@example.com,+91-9000011967,34,26.3,846.13,Two year,Fiber optic,Credit card,No,No,0
C11969,Customer 11969,customer11969@example.com,+91-9000011968,61,53.06,3175.11,Month-to-month,Fiber optic,Electronic check,No,No,1
C11970,Customer 11970,customer11970@example.com,+91-9000011969,12,58.06,667.31,Month-to-month,Fiber optic,Bank transfer,No,No,0
C11971,Customer 11971,customer11971@example.com,+91-9000011970,60,52.42,3231.68,One year,DSL,Electronic check,No,No,0
C11972,Customer 11972,customer11972@example.com,+91-9000011971,67,106.19,7433.39,Month-to-month,Fiber optic,Electronic check,No,Yes,0
C11973,Customer 11973,customer11973@example.com,+91-9000011972,50,100.99,4760.37,Month-to-month,DSL,Electronic check,No,No,1
C11974,Customer 11974,customer11974@example.com,+91-9000011973,25,94.56,2514.52,Two year,No,Electronic check,Yes,No,0
C11975,Customer 11975,customer11975@example.com,+91-9000011974,41,38.9,1585.41,Two year,DSL,Mailed check,No,No,0
C11976,Customer 11976,customer11976@example.com,+91-9000011975,4,105.78,443.09,Two year,DSL,Mailed check,No,Yes,0
C11977,Customer 11977,customer11977@example.com,+91-9000011976,68,92.72,5852.65,One year,Fiber optic,Credit card,No,Yes,0
C11978,Customer 11978,customer11978@example.com,+91-9000011977,25,44.48,1087.19,Month-to-month,DSL,Bank transfer,No,No,1
C11979,Customer 11979,customer11979@example.com,+91-9000011978,5,89.81,414.19,Two year,No,Credit card,Yes,No,0
C11980,Customer 11980,customer11980@example.com,+91-9000011979,58,73.35,4403.02,Month-to-month,Fiber optic,Mailed check,No,No,1
C11981,Customer 11981,customer11981@example.com,+91-9000011980,48,68.94,3086.46,Month-to-month,DSL,Bank transfer,No,No,0
C11982,Customer 11982,customer11982@example.com,+91-9000011981,45,36.21,1587.29,Two year,DSL,Electronic check,No,No,0
C11983,Customer 11983,customer11983@example.com,+91-9000011982,4,76.83,321.17,One year,No,Credit card,No,Yes,1
C11984,Customer 11984,customer11984@example.com,+91-9000011983,55,34.99,2001.11,Two year,Fiber optic,Mailed check,No,No,1
C11985,Customer 11985,customer11985@example.com,+91-9000011984,46,41.43,1948.56,Month-to-month,No,Electronic check,No,No,1
C11986,Customer 11986,customer11986@example.com,+91-9000011985,58,38.25,2287.37,Two year,DSL,Bank transfer,Yes,No,0
C11987,Customer 11987,customer11987@example.com,+91-9000011986,60,120.41,7399.41,One year,No,Electronic check,Yes,Yes,0
C11988,Customer 11988,customer11988@example.com,+91-9000011987,16,53.49,875.19,One year,Fiber optic,Bank transfer,No,No,1
C11989,Customer 11989,customer11989@example.com,+91-9000011988,16,60.52,945.03,Two year,Fiber optic,Credit card,Yes,Yes,0
C11990,Customer 11990,customer11990@example.com,+91-9000011989,67,57.21,3543.7,Month-to-month,Fiber optic,Electronic check,Yes,No,0
C11991,Customer 11991,customer11991@example.com,+91-9000011990,39,114.83,4436.69,One year,DSL,Mailed check,Yes,No,0
C11992,Customer 11992,customer11992@example.com,+91-9000011991,32,81.3,2412.39,One year,No,Credit card,Yes,No,0
C11993,Customer 11993,customer11993@example.com,+91-9000011992,21,116.92,2443.09,One year,No,Electronic check,No,No,1
C11994,Customer 11994,customer11994@example.com,+91-9000011993,47,54.99,2569.68,Two year,Fiber optic,Credit card,Yes,No,0
C11995,Customer 11995,customer11995@example.com,+91-9000011994,55,36.48,1903.26,One year,No,Credit card,Yes,Yes,0
C11996,Customer 11996,customer11996@example.com,+91-9000011995,1,80.62,84.29,Month-to-month,DSL,Bank transfer,No,Yes,1
C11997,Customer 11997,customer11997@example.com,+91-9000011996,40,59.55,2459.83,Month-to-month,DSL,Bank transfer,No,No,0
C11998,Customer 11998,customer11998@example.com,+91-9000011997,72,105.19,7645.83,Two year,DSL,Credit card,Yes,No,0
C11999,Customer 11999,customer11999@example.com,+91-9000011998,21,112.94,2533.36,Two year,Fiber optic,Bank transfer,No,No,1
C12000,Customer 12000,customer12000@example.com,+91-9000011999,21,72.26,1465.79,Two year,DSL,Electronic check,Yes,Yes,0
C12001,Customer 12001,customer12001@example.com,+91-9000012000,64,122.14,7519.33,Month-to-month,Fiber optic,Electronic check,No,Yes,1
C12002,Customer 12002,customer12002@example.com,+91-9000012001,5,80.3,381.16,Month-to-month,DSL,Electronic check,Yes,No,1
C12003,Customer 12003,customer12003@example.com,+91-9000012002,29,52.09,1521.35,One year,Fiber optic,Credit card,No,No,1
C12004,Customer 12004,customer12004@example.com,+91-9000012003,33,73.9,2323.73,One year,Fiber optic,Electronic check,Yes,No,0
C12005,Customer 12005,customer12005@example.com,+91-9000012004,58,28.73,1764.69,Month-to-month,Fiber optic,Bank transfer,No,No,1
C12006,Customer 12006,customer12006@example.com,+91-9000012005,10,105.4,1021.0,One year,DSL,Bank transfer,Yes,Yes,0
C12007,Customer 12007,customer12007@example.com,+91-9000012006,32,35.14,1122.85,Month-to-month,Fiber optic,Credit card,No,Yes,0
C12008,Customer 12008,customer12008@example.com,+91-9000012007,11,55.87,617.47,Month-to-month,DSL,Bank transfer,No,Yes,0
C12009,Customer 12009,customer12009@example.com,+91-9000012008,57,81.53,4504.18,Month-to-month,Fiber optic,Mailed check,Yes,No,1
C12010,Customer 12010,customer12010@example.com,+91-9000012009,46,29.3,1399.21,Month-to-month,Fiber optic,Mailed check,No,Yes,0
C12011,Customer 12011,customer12011@example.com,+91-9000012010,36,32.93,1221.91,Month-to-month,Fiber optic,Electronic check,No,Yes,1
C12012,Customer 12012,customer12012@example.com,+91-9000012011,29,94.61,2858.18,Two year,DSL,Credit card,Yes,No,0
C12013,Customer 12013,customer12013@example.com,+91-9000012012,12,32.18,392.7,One year,Fiber optic,Electronic check,Yes,Yes,0
C12014,Customer 12014,customer12014@example.com,+91-9000012013,67,72.71,4840.53,Two year,No,Credit card,Yes,No,0
C12015,Customer 12015,customer12015@example.com,+91-9000012014,47,58.87,2744.28,Month-to-month,Fiber optic,Bank transfer,Yes,Yes,0
C12016,Customer 12016,customer12016@example.com,+91-9000012015,23,47.81,1137.73,Month-to-month,No,Electronic check,No,Yes,1
C12017,Customer 12017,customer12017@example.com,+91-9000012016,30,43.88,1290.5,Month-to-month,No,Electronic check,No,Yes,1
C12018,Customer 12018,customer12018@example.com,+91-9000012017,53,101.34,5317.1,One year,DSL,Bank transfer,No,No,0
C12019,Customer 12019,customer12019@example.com,+91-9000012018,52,120.15,5911.59,Month-to-month,Fiber optic,Credit card,No,No,1
C12020,Customer 12020,customer12020@example.com,+91-9000012019,34,39.02,1364.81,One year,DSL,Credit card,No,No,1
C12021,Customer 12021,customer12021@example.com,+91-9000012020,22,120.97,2481.19,Two year,Fiber optic,Electronic check,Yes,No,1
C12022,Customer 12022,customer12022@example.com,+91-9000012021,48,84.48,4373.29,Two year,DSL,Electronic check,No,Yes,0
C12023,Customer 12023,customer12023@example.com,+91-9000012022,48,89.17,4036.18,Month-to-month,No,Bank transfer,No,No,0
C12024,Customer 12024,customer12024@example.com,+91-9000012023,44,95.99,4144.48,Month-to-month,Fiber optic,Bank transfer,Yes,Yes,1
C12025,Customer 12025,customer12025@example.com,+91-9000012024,6,95.41,548.44,Month-to-month,DSL,Electronic check,No,No,0
C12026,Customer 12026,customer12026@example.com,+91-9000012025,35,106.98,3618.89,Month-to-month,Fiber optic,Electronic check,No,No,1
C12027,Customer 12027,customer12027@example.com,+91-9000012026,45,73.35,3206.98,One year,Fiber optic,Mailed check,No,Yes,0
C12028,Customer 12028,customer12028@example.com,+91-9000012027,69,78.34,5594.29,Month-to-month,Fiber optic,Bank transfer,No,No,0
C12029,Customer 12029,customer12029@example.com,+91-9000012028,38,57.38,2067.67,One year,No,Credit card,Yes,No,0
C12030,Customer 12030,customer12030@example.com,+91-9000012029,25,35.53,854.69,Month-to-month,DSL,Bank transfer,No,Yes,0
C12031,Customer 12031,customer12031@example.com,+91-9000012030,41,91.46,3510.59,Two year,Fiber optic,Bank transfer,Yes,Yes,0
C12032,Customer 12032,customer12032@example.com,+91-9000012031,13,28.36,358.74,Two year,Fiber optic,Bank transfer,Yes,No,0
C12033,Customer 12033,customer12033@example.com,+91-9000012032,7,52.56,393.89,Month-to-month,Fiber optic,Electronic check,No,No,1
C12034,Customer 12034,customer12034@example.com,+91-9000012033,49,34.42,1654.23,Two year,Fiber optic,Electronic check,Yes,Yes,0
C12035,Customer 12035,customer12035@example.com,+91-9000012034,72,44.07,3313.84,Month-to-month,DSL,Mailed check,No,No,0
C12036,Customer 12036,customer12036@example.com,+91-9000012035,61,88.87,5387.85,One year,DSL,Credit card,No,Yes,1
C12037,Customer 12037,customer12037@example.com,+91-9000012036,43,87.85,3747.09,Two year,Fiber optic,Credit card,No,No,0
C12038,Customer 12038,customer12038@example.com,+91-9000012037,3,67.11,211.77,Two year,No,Electronic check,No,Yes,0
C12039,Customer 12039,customer12039@example.com,+91-9000012038,72,34.02,2264.0,Two year,DSL,Electronic check,No,No,0
C12040,Customer 12040,customer12040@example.com,+91-9000012039,33,68.34,2386.88,Month-to-month,DSL,Electronic check,No,No,1
C12041,Customer 12041,customer12041@example.com,+91-9000012040,21,60.27,1262.67,Two year,Fiber optic,Mailed check,No,No,0
C12042,Customer 12042,customer12042@example.com,+91-9000012041,65,97.05,6157.99,One year,No,Credit card,No,No,0
C12043,Customer 12043,customer12043@example.com,+91-9000012042,54,82.9,4768.0,Month-to-month,Fiber optic,Bank transfer,No,No,1
C12044,Customer 12044,customer12044@example.com,+91-9000012043,54,74.16,3902.03,Month-to-month,DSL,Mailed check,Yes,Yes,0
C12045,Customer 12045,customer12045@example.com,+91-9000012044,20,73.7,1586.66,One year,Fiber optic,Electronic check,Yes,Yes,1
C12046,Customer 12046,customer12046@example.com,+91-9000012045,72,121.63,9368.77,One year,Fiber optic,Bank transfer,Yes,No,0
C12047,Customer 12047,customer12047@example.com,+91-9000012046,33,100.63,3197.48,Month-to-month,Fiber optic,Electronic check,No,Yes,1
C12048,Customer 12048,customer12048@example.com,+91-9000012047,39,74.7,2839.0,Two year,DSL,Electronic check,Yes,No,0
C12049,Customer 12049,customer12049@example.com,+91-9000012048,55,72.92,4210.92,One year,DSL,Mailed check,No,Yes,0
C12050,Customer 12050,customer12050@example.com,+91-9000012049,48,27.65,1262.56,Month-to-month,DSL,Credit card,No,No,1
C12051,Customer 12051,customer12051@example.com,+91-9000012050,13,119.25,1607.78,Month-to-month,Fiber optic,Electronic check,No,No,1
C12052,Customer 12052,customer12052@example.com,+91-9000012051,22,56.92,1177.94,One year,Fiber optic,Electronic check,No,No,1
C12053,Customer 12053,customer12053@example.com,+91-9000012052,27,50.59,1301.59,One year,DSL,Bank transfer,No,No,0
C12054,Customer 12054,customer12054@example.com,+91-9000012053,69,124.94,8621.56,One year,Fiber optic,Electronic check,No,No,1
C12055,Customer 12055,customer12055@example.com,+91-9000012054,52,96.87,5235.41,Month-to-month,Fiber optic,Bank transfer,No,No,1
C12056,Customer 12056,customer12056@example.com,+91-9000012055,27,29.74,833.74,One year,DSL,Bank transfer,Yes,No,0
C12057,Customer 12057,customer12057@example.com,+91-9000012056,53,31.19,1681.88,One year,Fiber optic,Electronic check,No,No,1
C12058,Customer 12058,customer12058@example.com,+91-9000012057,54,27.55,1433.46,Two year,Fiber optic,Electronic check,Yes,Yes,0
C12059,Customer 12059,customer12059@example.com,+91-9000012058,29,84.96,2430.48,Month-to-month,Fiber optic,Electronic check,Yes,Yes,1
C12060,Customer 12060,customer12060@example.com,+91-9000012059,30,32.16,925.62,One year,No,Mailed check,Yes,Yes,0
C12061,Customer 12061,customer12061@example.com,+91-9000012060,65,118.34,7417.67,Month-to-month,No,Bank transfer,No,No,0
C12062,Customer 12062,customer12062@example.com,+91-9000012061,41,118.69,4728.65,Month-to-month,DSL,Bank transfer,No,No,0
C12063,Customer 12063,customer12063@example.com,+91-9000012062,11,79.61,889.56,One year,DSL,Electronic check,Yes,Yes,0
C12064,Customer 12064,customer12064@example.com,+91-9000012063,52,86.66,4295.49,One year,DSL,Credit card,No,No,0
C12065,Customer 12065,customer12065@example.com,+91-9000012064,43,54.19,2159.63,Month-to-month,DSL,Electronic check,Yes,Yes,0
C12066,Customer 12066,customer12066@example.com,+91-9000012065,37,31.4,1197.58,One year,Fiber optic,Electronic check,Yes,No,0
C12067,Customer 12067,customer12067@example.com,+91-9000012066,53,98.75,4833.31,Month-to-month,No,Credit card,Yes,No,0
C12068,Customer 12068,customer12068@example.com,+91-9000012067,66,35.18,2496.78,Month-to-month,No,Credit card,Yes,No,1
C12069,Customer 12069,customer12069@example.com,+91-9000012068,24,33.56,786.15,Month-to-month,DSL,Electronic check,No,Yes,1
C12070,Customer 12070,customer12070@example.com,+91-9000012069,31,56.12,1602.37,Month-to-month,Fiber optic,Electronic check,Yes,No,1
C12071,Customer 12071,customer12071@example.com,+91-9000012070,14,26.25,390.11,One year,DSL,Mailed check,Yes,No,0
C12072,Customer 12072,customer12072@example.com,+91-9000012071,47,68.4,3266.14,Two year,Fiber optic,Electronic check,Yes,Yes,0
C12073,Customer 12073,customer12073@example.com,+91-9000012072,29,95.77,2918.37,One year,DSL,Electronic check,No,No,0
C12074,Customer 12074,customer12074@example.com,+91-9000012073,25,105.13,2600.93,Month-to-month,No,Bank transfer,No,No,1
C12075,Customer 12075,customer12075@example.com,+91-9000012074,51,85.43,4255.28,Month-to-month,No,Electronic check,No,Yes,0
C12076,Customer 12076,customer12076@example.com,+91-9000012075,30,109.69,3372.41,Month-to-month,DSL,Bank transfer,No,No,1
C12077,Customer 12077,customer12077@example.com,+91-9000012076,34,65.65,2198.53,One year,Fiber optic,Credit card,No,No,1
C12078,Customer 12078,customer12078@example.com,+91-9000012077,32,109.88,3547.78,Month-to-month,Fiber optic,Bank transfer,Yes,No,0
C12079,Customer 12079,customer12079@example.com,+91-9000012078,19,75.65,1386.25,Month-to-month,Fiber optic,Bank transfer,Yes,No,0
C12080,Customer 12080,customer12080@example.com,+91-9000012079,10,47.3,460.33,One year,Fiber optic,Bank transfer,No,Yes,0
C12081,Customer 12081,customer12081@example.com,+91-9000012080,60,119.41,6685.65,One year,DSL,Credit card,Yes,No,0
C12082,Customer 12082,customer12082@example.com,+91-9000012081,7,52.5,384.04,Month-to-month,Fiber optic,Electronic check,No,Yes,1
C12083,Customer 12083,customer12083@example.com,+91-9000012082,24,27.62,646.85,Month-to-month,DSL,Electronic check,No,No,0
C12084,Customer 12084,customer12084@example.com,+91-9000012083,49,49.27,2597.71,One year,Fiber optic,Credit card,Yes,No,1
C12085,Customer 12085,customer12085@example.com,+91-9000012084,10,61.67,592.99,Month-to-month,DSL,Electronic check,No,Yes,1
C12086,Customer 12086,customer12086@example.com,+91-9000012085,48,60.13,2874.72,Month-to-month,Fiber optic,Electronic check,No,No,1
C12087,Customer 12087,customer12087@example.com,+91-9000012086,53,77.47,3978.16,Two year,Fiber optic,Electronic check,Yes,Yes,0
C12088,Customer 12088,customer12088@example.com,+91-9000012087,48,113.31,5607.64,Month-to-month,DSL,Credit card,No,No,0
C12089,Customer 12089,customer12089@example.com,+91-9000012088,22,54.23,1251.92,Month-to-month,Fiber optic,Electronic check,No,No,1
C12090,Customer 12090,customer12090@example.com,+91-9000012089,2,77.08,153.84,Month-to-month,Fiber optic,Credit card,Yes,No,1
C12091,Customer 12091,customer12091@example.com,+91-9000012090,64,59.01,3696.23,Month-to-month,DSL,Credit card,Yes,No,0
C12092,Customer 12092,customer12092@example.com,+91-9000012091,24,107.18,2673.05,Month-to-month,Fiber optic,Bank transfer,Yes,No,1
C12093,Customer 12093,customer12093@example.com,+91-9000012092,58,40.76,2247.37,Month-to-month,Fiber optic,Electronic check,Yes,No,1
C12094,Customer 12094,customer12094@example.com,+91-9000012093,15,35.35,538.69,One year,Fiber optic,Credit card,Yes,Yes,0
C12095,Customer 12095,customer12095@example.com,+91-9000012094,12,75.3,937.38,Month-to-month,Fiber optic,Electronic check,Yes,No,0
C12096,Customer 12096,customer12096@example.com,+91-9000012095,57,92.19,5060.84,Two year,Fiber optic,Mailed check,No,Yes,0
C12097,Customer 12097,customer12097@example.com,+91-9000012096,68,104.55,7286.51,Two year,Fiber optic,Credit card,No,Yes,0
C12098,Customer 12098,customer12098@example.com,+91-9000012097,62,83.96,5401.44,Month-to-month,DSL,Electronic check,No,Yes,1
C12099,Customer 12099,customer12099@example.com,+91-9000012098,55,102.38,5286.21,Month-to-month,DSL,Credit card,No,No,1
C12100,Customer 12100,customer12100@example.com,+91-9000012099,18,64.27,1124.27,One year,DSL,Bank transfer,No,No,0
C12101,Customer 12101,customer12101@example.com,+91-9000012100,66,28.29,1839.15,Two year,No,Bank transfer,No,Yes,1
C12102,Customer 12102,customer12102@example.com,+91-9000012101,49,36.61,1873.1,Two year,No,Bank transfer,No,Yes,0
C12103,Customer 12103,customer12103@example.com,+91-9000012102,13,28.87,379.36,Month-to-month,Fiber optic,Bank transfer,No,No,1
C12104,Customer 12104,customer12104@example.com,+91-9000012103,10,57.89,574.23,Month-to-month,DSL,Credit card,No,No,1
C12105,Customer 12105,customer12105@example.com,+91-9000012104,63,74.55,4560.46,Month-to-month,Fiber optic,Mailed check,No,No,0
C12106,Customer 12106,customer12106@example.com,+91-9000012105,20,60.63,1116.38,Two year,Fiber optic,Electronic check,No,No,1
C12107,Customer 12107,customer12107@example.com,+91-9000012106,56,81.06,4190.9,One year,Fiber optic,Bank transfer,Yes,No,0
C12108,Customer 12108,customer12108@example.com,+91-9000012107,10,73.06,700.26,Month-to-month,DSL,Credit card,Yes,Yes,0
C12109,Customer 12109,customer12109@example.com,+91-9000012108,21,92.79,1829.08,One year,No,Credit card,No,No,0
C12110,Customer 12110,customer12110@example.com,+91-9000012109,21,91.7,1808.49,Month-to-month,DSL,Bank transfer,Yes,No,0
C12111,Customer 12111,customer12111@example.com,+91-9000012110,21,56.81,1212.62,One year,DSL,Bank transfer,Yes,Yes,0
C12112,Customer 12112,customer12112@example.com,+91-9000012111,49,59.62,2970.67,Month-to-month,No,Credit card,Yes,No,0
C12113,Customer 12113,customer12113@example.com,+91-9000012112,66,83.51,5110.21,One year,Fiber optic,Electronic check,Yes,No,0
C12114,Customer 12114,customer12114@example.com,+91-9000012113,66,84.64,5670.2,One year,Fiber optic,Electronic check,No,No,1
C12115,Customer 12115,customer12115@example.com,+91-9000012114,54,56.47,2876.57,One year,Fiber optic,Bank transfer,No,No,1
C12116,Customer 12116,customer12116@example.com,+91-9000012115,15,58.03,853.35,Month-to-month,No,Electronic check,Yes,Yes,0
C12117,Customer 12117,customer12117@example.com,+91-9000012116,70,94.4,7125.73,Two year,DSL,Electronic check,No,No,0
C12118,Customer 12118,customer12118@example.com,+91-9000012117,40,89.74,3602.24,One year,Fiber optic,Electronic check,Yes,Yes,0
C12119,Customer 12119,customer12119@example.com,+91-9000012118,40,38.51,1425.59,Month-to-month,DSL,Credit card,No,Yes,1
C12120,Customer 12120,customer12120@example.com,+91-9000012119,51,69.1,3438.2,Month-to-month,DSL,Mailed check,No,No,1
C12121,Customer 12121,customer12121@example.com,+91-9000012120,56,114.27,6574.1,One year,Fiber optic,Bank transfer,Yes,Yes,0
C12122,Customer 12122,customer12122@example.com,+91-9000012121,69,28.63,1888.42,Month-to-month,Fiber optic,Electronic check,No,No,1
C12123,Customer 12123,customer12123@example.com,+91-9000012122,42,110.52,4986.78,Month-to-month,DSL,Credit card,Yes,Yes,0
C12124,Customer 12124,customer12124@example.com,+91-9000012123,44,41.32,1796.35,Month-to-month,Fiber optic,Electronic check,No,No,1
C12125,Customer 12125,customer12125@example.com,+91-9000012124,54,75.72,3775.57,Month-to-month,Fiber optic,Mailed check,No,No,1
C12126,Customer 12126,customer12126@example.com,+91-9000012125,19,67.43,1289.49,Month-to-month,Fiber optic,Bank transfer,No,No,1
C12127,Customer 12127,customer12127@example.com,+91-9000012126,23,26.01,615.09,One year,Fiber optic,Electronic check,Yes,No,0
C12128,Customer 12128,customer12128@example.com,+91-9000012127,46,116.54,5323.09,Month-to-month,Fiber optic,Bank transfer,No,No,1
C12129,Customer 12129,customer12129@example.com,+91-9000012128,5,70.49,376.6,One year,Fiber optic,Electronic check,No,No,1
C12130,Customer 12130,customer12130@example.com,+91-9000012129,24,120.43,3076.19,Month-to-month,Fiber optic,Credit card,No,No,1
C12131,Customer 12131,customer12131@example.com,+91-9000012130,52,53.67,2629.62,Month-to-month,Fiber optic,Electronic check,Yes,Yes,0
C12132,Customer 12132,customer12132@example.com,+91-9000012131,71,111.63,7393.06,Month-to-month,Fiber optic,Credit card,No,No,1
C12133,Customer 12133,customer12133@example.com,+91-9000012132,38,117.24,4321.33,One year,DSL,Credit card,Yes,Yes,0
C12134,Customer 12134,customer12134@example.com,+91-9000012133,29,80.68,2380.2,Two year,DSL,Credit card,Yes,No,0
C12135,Customer 12135,customer12135@example.com,+91-9000012134,32,45.27,1472.19,Month-to-month,DSL,Mailed check,No,No,1
C12136,Customer 12136,customer12136@example.com,+91-9000012135,50,93.52,4505.15,Month-to-month,Fiber optic,Electronic check,No,No,1
C12137,Customer 12137,customer12137@example.com,+91-9000012136,40,79.9,3426.67,Month-to-month,No,Bank transfer,Yes,No,0
C12138,Customer 12138,customer12138@example.com,+91-9000012137,2,119.45,231.54,Month-to-month,Fiber optic,Credit card,No,Yes,1
C12139,Customer 12139,customer12139@example.com,+91-9000012138,39,68.93,2819.11,Two year,Fiber optic,Electronic check,No,No,0
C12140,Customer 12140,customer12140@example.com,+91-9000012139,29,51.85,1583.52,Month-to-month,Fiber optic,Electronic check,No,Yes,1
C12141,Customer 12141,customer12141@example.com,+91-9000012140,51,38.83,1853.09,Two year,Fiber optic,Electronic check,No,Yes,0
C12142,Customer 12142,customer12142@example.com,+91-9000012141,64,94.86,5811.25,One year,Fiber optic,Electronic check,No,No,1
C12143,Customer 12143,customer12143@example.com,+91-9000012142,70,122.41,8178.23,Month-to-month,Fiber optic,Credit card,No,Yes,1
C12144,Customer 12144,customer12144@example.com,+91-9000012143,44,27.83,1306.74,Two year,Fiber optic,Bank transfer,Yes,No,1
C12145,Customer 12145,customer12145@example.com,+91-9000012144,27,99.04,2610.37,Month-to-month,DSL,Credit card,Yes,No,1
C12146,Customer 12146,customer12146@example.com,+91-9000012145,32,117.69,3968.83,One year,Fiber optic,Mailed check,No,No,1
C12147,Customer 12147,customer12147@example.com,+91-9000012146,13,32.48,420.75,Month-to-month,Fiber optic,Electronic check,Yes,Yes,1
C12148,Customer 12148,customer12148@example.com,+91-9000012147,68,36.02,2432.59,Two year,Fiber optic,Credit card,No,Yes,0
C12149,Customer 12149,customer12149@example.com,+91-9000012148,62,94.2,6217.38,Month-to-month,No,Electronic check,No,Yes,0
C12150,Customer 12150,customer12150@example.com,+91-9000012149,62,89.8,5514.95,Month-to-month,Fiber optic,Electronic check,Yes,No,1
C12151,Customer 12151,customer12151@example.com,+91-9000012150,24,31.88,795.09,Two year,Fiber optic,Electronic check,Yes,Yes,1
C12152,Customer 12152,customer12152@example.com,+91-9000012151,24,108.44,2571.07,Month-to-month,DSL,Electronic check,No,Yes,1
C12153,Customer 12153,customer12153@example.com,+91-9000012152,62,77.34,4489.63,Month-to-month,Fiber optic,Bank transfer,No,No,1
C12154,Customer 12154,customer12154@example.com,+91-9000012153,40,115.72,4297.82,One year,Fiber optic,Bank transfer,No,No,1
C12155,Customer 12155,customer12155@example.com,+91-9000012154,51,112.8,5484.25,Month-to-month,No,Electronic check,Yes,No,1
C12156,Customer 12156,customer12156@example.com,+91-9000012155,36,106.25,3961.03,Two year,Fiber optic,Electronic check,No,Yes,0
C12157,Customer 12157,customer12157@example.com,+91-9000012156,32,76.59,2401.33,One year,DSL,Credit card,Yes,No,0
C12158,Customer 12158,customer12158@example.com,+91-9000012157,46,50.17,2290.87,One year,Fiber optic,Electronic check,No,Yes,0
C12159,Customer 12159,customer12159@example.com,+91-9000012158,59,75.6,4176.27,Month-to-month,No,Credit card,Yes,Yes,0
C12160,Customer 12160,customer12160@example.com,+91-9000012159,25,35.08,894.26,Month-to-month,Fiber optic,Mailed check,Yes,No,0
C12161,Customer 12161,customer12161@example.com,+91-9000012160,59,90.88,5622.25,Two year,Fiber optic,Credit card,No,No,1
C12162,Customer 12162,customer12162@example.com,+91-9000012161,18,38.4,704.99,Month-to-month,Fiber optic,Bank transfer,Yes,No,0
C12163,Customer 12163,customer12163@example.com,+91-9000012162,30,76.12,2460.67,Month-to-month,Fiber optic,Bank transfer,No,Yes,1
C12164,Customer 12164,customer12164@example.com,+91-9000012163,66,30.44,1853.57,Month-to-month,DSL,Bank transfer,Yes,No,0
C12165,Customer 12165,customer12165@example.com,+91-9000012164,69,54.95,3497.73,Month-to-month,DSL,Mailed check,Yes,No,1
C12166,Customer 12166,customer12166@example.com,+91-9000012165,67,48.21,3230.07,One year,Fiber optic,Mailed check,Yes,Yes,0
C12167,Customer 12167,customer12167@example.com,+91-9000012166,23,87.0,1926.21,One year,No,Bank transfer,No,No,0
C12168,Customer 12168,customer12168@example.com,+91-9000012167,61,103.68,6513.21,One year,No,Bank transfer,No,Yes,0
C12169,Customer 12169,customer12169@example.com,+91-9000012168,68,30.73,2187.67,Two year,DSL,Credit card,Yes,Yes,0
C12170,Customer 12170,customer12170@example.com,+91-9000012169,71,110.03,7315.2,Month-to-month,DSL,Electronic check,No,No,1
C12171,Customer 12171,customer12171@example.com,+91-9000012170,2,111.08,236.99,Month-to-month,DSL,Bank transfer,No,Yes,0
C12172,Customer 12172,customer12172@example.com,+91-9000012171,54,59.23,2957.86,Month-to-month,Fiber optic,Bank transfer,No,No,0
C12173,Customer 12173,customer12173@example.com,+91-9000012172,72,90.9,6742.09,One year,Fiber optic,Credit card,No,Yes,1
C12174,Customer 12174,customer12174@example.com,+91-9000012173,56,65.26,3587.02,Month-to-month,No,Electronic check,No,No,1
C12175,Customer 12175,customer12175@example.com,+91-9000012174,17,40.42,705.55,One year,DSL,Electronic check,No,No,1
C12176,Customer 12176,customer12176@example.com,+91-9000012175,55,77.87,4007.13,Month-to-month,Fiber optic,Electronic check,Yes,No,1
C12177,Customer 12177,customer12177@example.com,+91-9000012176,8,33.64,287.94,Two year,Fiber optic,Bank transfer,No,No,1
C12178,Customer 12178,customer12178@example.com,+91-9000012177,35,112.85,4226.17,Two year,DSL,Mailed check,No,No,0
C12179,Customer 12179,customer12179@example.com,+91-9000012178,46,117.43,5418.55,Two year,No,Mailed check,Yes,Yes,1
C12180,Customer 12180,customer12180@example.com,+91-9000012179,33,107.16,3541.7,Month-to-month,Fiber optic,Electronic check,No,Yes,0
C12181,Customer 12181,customer12181@example.com,+91-9000012180,51,81.25,4233.13,Two year,DSL,Electronic check,No,No,0
C12182,Customer 12182,customer12182@example.com,+91-9000012181,18,80.76,1472.3,Month-to-month,DSL,Credit card,No,No,1
C12183,Customer 12183,customer12183@example.com,+91-9000012182,44,123.46,5470.09,Month-to-month,No,Credit card,Yes,Yes,0
C12184,Customer 12184,customer12184@example.com,+91-9000012183,47,49.79,2373.53,Month-to-month,Fiber optic,Bank transfer,No,No,1
C12185,Customer 12185,customer12185@example.com,+91-9000012184,46,32.59,1585.16,Month-to-month,Fiber optic,Bank transfer,No,Yes,1
C12186,Customer 12186,customer12186@example.com,+91-9000012185,21,81.19,1735.29,One year,Fiber optic,Electronic check,No,Yes,0
C12187,Customer 12187,customer12187@example.com,+91-9000012186,22,57.88,1211.39,Month-to-month,Fiber optic,Credit card,Yes,No,1
C12188,Customer 12188,customer12188@example.com,+91-9000012187,19,57.23,1159.38,Month-to-month,Fiber optic,Bank transfer,Yes,No,1
C12189,Customer 12189,customer12189@example.com,+91-9000012188,34,25.71,834.41,One year,No,Electronic check,Yes,No,0
C12190,Customer 12190,customer12190@example.com,+91-9000012189,43,84.62,3443.72,Two year,DSL,Mailed check,Yes,Yes,0
C12191,Customer 12191,customer12191@example.com,+91-9000012190,27,51.4,1498.17,One year,Fiber optic,Bank transfer,No,No,1
C12192,Customer 12192,customer12192@example.com,+91-9000012191,30,43.79,1253.46,One year,DSL,Mailed check,Yes,No,0
C12193,Customer 12193,customer12193@example.com,+91-9000012192,21,29.04,570.82,Month-to-month,DSL,Bank transfer,No,Yes,1
C12194,Customer 12194,customer12194@example.com,+91-9000012193,16,61.44,992.79,Two year,Fiber optic,Bank transfer,No,No,1
C12195,Customer 12195,customer12195@example.com,+91-9000012194,48,112.9,5702.9,Month-to-month,No,Mailed check,No,Yes,1
C12196,Customer 12196,customer12196@example.com,+91-9000012195,59,58.67,3218.25,Month-to-month,DSL,Mailed check,Yes,Yes,1
C12197,Customer 12197,customer12197@example.com,+91-9000012196,21,92.91,1948.02,Month-to-month,Fiber optic,Mailed check,No,Yes,1
C12198,Customer 12198,customer12198@example.com,+91-9000012197,62,100.65,5809.47,One year,Fiber optic,Credit card,Yes,Yes,0
C12199,Customer 12199,customer12199@example.com,+91-9000012198,42,57.81,2400.32,Month-to-month,DSL,Bank transfer,No,Yes,0
C12200,Customer 12200,customer12200@example.com,+91-9000012199,13,107.16,1358.3,One year,Fiber optic,Electronic check,Yes,No,0
C12201,Customer 12201,customer12201@example.com,+91-9000012200,27,94.19,2395.48,Month-to-month,No,Bank transfer,No,No,1
C12202,Customer 12202,customer12202@example.com,+91-9000012201,1,80.92,86.5,Month-to-month,DSL,Mailed check,No,Yes,1
C12203,Customer 12203,customer12203@example.com,+91-9000012202,3,25.1,76.93,Month-to-month,DSL,Electronic check,No,No,0
C12204,Customer 12204,customer12204@example.com,+91-9000012203,25,28.51,751.87,Month-to-month,No,Credit card,No,Yes,0
C12205,Customer 12205,customer12205@example.com,+91-9000012204,33,124.09,4360.94,Month-to-month,DSL,Mailed check,Yes,No,0
C12206,Customer 12206,customer12206@example.com,+91-9000012205,58,103.23,6399.45,One year,DSL,Mailed check,No,No,0
C12207,Customer 12207,customer12207@example.com,+91-9000012206,10,118.76,1234.75,Month-to-month,No,Mailed check,Yes,No,0
C12208,Customer 12208,customer12208@example.com,+91-9000012207,61,115.23,6811.92,Month-to-month,No,Bank transfer,No,No,0
C12209,Customer 12209,customer12209@example.com,+91-9000012208,17,27.04,483.87,One year,Fiber optic,Bank transfer,No,Yes,0
C12210,Customer 12210,customer12210@example.com,+91-9000012209,10,104.18,1045.16,Month-to-month,Fiber optic,Mailed check,No,Yes,1
C12211,Customer 12211,customer12211@example.com,+91-9000012210,51,70.11,3444.97,Month-to-month,No,Electronic check,Yes,No,1
C12212,Customer 12212,customer12212@example.com,+91-9000012211,56,103.96,5715.36,Month-to-month,Fiber optic,Electronic check,No,No,1
C12213,Customer 12213,customer12213@example.com,+91-9000012212,44,25.67,1093.56,Month-to-month,Fiber optic,Mailed check,No,No,1
C12214,Customer 12214,customer12214@example.com,+91-9000012213,9,53.82,481.76,Month-to-month,Fiber optic,Credit card,Yes,No,1
C12215,Customer 12215,customer12215@example.com,+91-9000012214,9,100.13,941.73,One year,Fiber optic,Bank transfer,No,Yes,1
C12216,Customer 12216,customer12216@example.com,+91-9000012215,29,104.3,3017.38,Month-to-month,Fiber optic,Electronic check,Yes,No,1
C12217,Customer 12217,customer12217@example.com,+91-9000012216,33,86.97,2763.41,One year,Fiber optic,Bank transfer,Yes,No,1
C12218,Customer 12218,customer12218@example.com,+91-9000012217,72,55.13,3707.32,Month-to-month,Fiber optic,Mailed check,No,Yes,0
C12219,Customer 12219,customer12219@example.com,+91-9000012218,21,56.04,1243.83,One year,Fiber optic,Bank transfer,Yes,Yes,0
C12220,Customer 12220,customer12220@example.com,+91-9000012219,14,121.68,1681.0,One year,Fiber optic,Bank transfer,Yes,No,0
C12221,Customer 12221,customer12221@example.com,+91-9000012220,69,68.92,4711.29,Month-to-month,Fiber optic,Bank transfer,No,Yes,1
C12222,Customer 12222,customer12222@example.com,+91-9000012221,12,69.71,871.82,Month-to-month,Fiber optic,Mailed check,No,No,1
C12223,Customer 12223,customer12223@example.com,+91-9000012222,2,80.23,169.44,Month-to-month,Fiber optic,Mailed check,Yes,No,0
C12224,Customer 12224,customer12224@example.com,+91-9000012223,31,65.95,2048.1,Two year,DSL,Bank transfer,Yes,No,0
C12225,Customer 12225,customer12225@example.com,+91-9000012224,29,80.27,2377.13,Two year,DSL,Bank transfer,No,No,0
C12226,Customer 12226,customer12226@example.com,+91-9000012225,45,68.23,2942.21,Month-to-month,DSL,Electronic check,No,No,1
C12227,Customer 12227,customer12227@example.com,+91-9000012226,64,107.67,7370.56,One year,Fiber optic,Bank transfer,No,No,0
C12228,Customer 12228,customer12228@example.com,+91-9000012227,68,115.91,7967.54,Month-to-month,Fiber optic,Electronic check,No,No,1
C12229,Customer 12229,customer12229@example.com,+91-9000012228,21,118.21,2569.63,Month-to-month,DSL,Bank transfer,No,Yes,1
C12230,Customer 12230,customer12230@example.com,+91-9000012229,71,81.43,5424.66,One year,Fiber optic,Bank transfer,No,No,0
C12231,Customer 12231,customer12231@example.com,+91-9000012230,46,69.21,3253.41,Month-to-month,DSL,Electronic check,Yes,Yes,0
C12232,Customer 12232,customer12232@example.com,+91-9000012231,6,95.52,561.1,Month-to-month,DSL,Electronic check,Yes,Yes,1
C12233,Customer 12233,customer12233@example.com,+91-9000012232,68,108.83,7341.31,Two year,Fiber optic,Electronic check,Yes,No,0
C12234,Customer 12234,customer12234@example.com,+91-9000012233,10,81.3,836.7,Month-to-month,Fiber optic,Electronic check,Yes,Yes,0
C12235,Customer 12235,customer12235@example.com,+91-9000012234,43,95.0,4278.68,One year,Fiber optic,Credit card,No,Yes,1
C12236,Customer 12236,customer12236@example.com,+91-9000012235,57,99.97,5560.95,Month-to-month,Fiber optic,Electronic check,No,Yes,1
C12237,Customer 12237,customer12237@example.com,+91-9000012236,18,92.64,1767.1,Month-to-month,No,Electronic check,Yes,No,0
C12238,Customer 12238,customer12238@example.com,+91-9000012237,20,99.61,1902.63,Month-to-month,DSL,Mailed check,Yes,No,0
C12239,Customer 12239,customer12239@example.com,+91-9000012238,35,45.86,1621.25,Two year,Fiber optic,Electronic check,No,Yes,0
C12240,Customer 12240,customer12240@example.com,+91-9000012239,64,74.84,4522.5,Month-to-month,Fiber optic,Mailed check,No,No,1
C12241,Customer 12241,customer12241@example.com,+91-9000012240,17,83.83,1377.06,Month-to-month,DSL,Bank transfer,Yes,Yes,0
C12242,Customer 12242,customer12242@example.com,+91-9000012241,48,25.25,1288.68,One year,No,Credit card,No,No,0
C12243,Customer 12243,customer12243@example.com,+91-9000012242,33,110.6,3364.56,Two year,Fiber optic,Bank transfer,No,Yes,0
C12244,Customer 12244,customer12244@example.com,+91-9000012243,9,86.0,825.47,Two year,No,Electronic check,No,No,0
C12245,Customer 12245,customer12245@example.com,+91-9000012244,52,37.91,1917.2,One year,Fiber optic,Credit card,No,No,1
C12246,Customer 12246,customer12246@example.com,+91-9000012245,60,106.64,6598.84,Month-to-month,Fiber optic,Credit card,No,No,1
C12247,Customer 12247,customer12247@example.com,+91-9000012246,42,96.71,3796.48,One year,DSL,Electronic check,Yes,No,0
C12248,Customer 12248,customer12248@example.com,+91-9000012247,13,100.83,1340.42,Two year,No,Credit card,No,Yes,0
C12249,Customer 12249,customer12249@example.com,+91-9000012248,12,64.2,820.87,Two year,Fiber optic,Bank transfer,Yes,No,0
C12250,Customer 12250,customer12250@example.com,+91-9000012249,31,110.42,3453.25,Two year,DSL,Mailed check,No,No,0
C12251,Customer 12251,customer12251@example.com,+91-9000012250,37,66.4,2402.6,Month-to-month,DSL,Credit card,No,No,1
C12252,Customer 12252,customer12252@example.com,+91-9000012251,40,82.05,3436.16,Month-to-month,Fiber optic,Electronic check,Yes,Yes,1
C12253,Customer 12253,customer12253@example.com,+91-9000012252,18,25.06,466.43,One year,DSL,Credit card,No,Yes,0
C12254,Customer 12254,customer12254@example.com,+91-9000012253,37,89.49,3108.59,Month-to-month,Fiber optic,Mailed check,Yes,Yes,0
C12255,Customer 12255,customer12255@example.com,+91-9000012254,22,96.82,2186.51,Month-to-month,Fiber optic,Credit card,Yes,Yes,1
C12256,Customer 12256,customer12256@example.com,+91-9000012255,50,81.71,4193.13,Month-to-month,DSL,Electronic check,No,No,1
C12257,Customer 12257,customer12257@example.com,+91-9000012256,58,74.66,4504.82,One year,Fiber optic,Credit card,Yes,No,1
C12258,Customer 12258,customer12258@example.com,+91-9000012257,47,105.99,4835.12,Two year,DSL,Bank transfer,No,Yes,0
C12259,Customer 12259,customer12259@example.com,+91-9000012258,1,93.14,91.67,One year,No,Electronic check,Yes,No,0
C12260,Customer 12260,customer12260@example.com,+91-9000012259,72,52.81,4082.19,Two year,No,Mailed check,No,No,0
C12261,Customer 12261,customer12261@example.com,+91-9000012260,2,120.91,244.66,One year,DSL,Bank transfer,No,Yes,0
C12262,Customer 12262,customer12262@example.com,+91-9000012261,72,95.73,6901.94,One year,Fiber optic,Credit card,No,No,1
C12263,Customer 12263,customer12263@example.com,+91-9000012262,3,123.79,400.3,Month-to-month,Fiber optic,Credit card,No,No,0
C12264,Customer 12264,customer12264@example.com,+91-9000012263,38,122.13,4440.12,One year,No,Electronic check,No,Yes,1
C12265,Customer 12265,customer12265@example.com,+91-9000012264,8,116.89,919.85,Month-to-month,Fiber optic,Mailed check,Yes,No,1
C12266,Customer 12266,customer12266@example.com,+91-9000012265,7,100.54,733.04,Month-to-month,Fiber optic,Bank transfer,No,Yes,1
C12267,Customer 12267,customer12267@example.com,+91-9000012266,50,85.94,4443.51,Month-to-month,No,Bank transfer,Yes,Yes,1
C12268,Customer 12268,customer12268@example.com,+91-9000012267,53,42.22,2404.75,Two year,DSL,Bank transfer,Yes,No,0
C12269,Customer 12269,customer12269@example.com,+91-9000012268,9,79.34,731.69,One year,Fiber optic,Electronic check,No,No,0
C12270,Customer 12270,customer12270@example.com,+91-9000012269,71,101.54,6993.75,Two year,DSL,Credit card,No,No,0
C12271,Customer 12271,customer12271@example.com,+91-9000012270,24,77.09,1819.86,Two year,Fiber optic,Bank transfer,No,Yes,0
C12272,Customer 12272,customer12272@example.com,+91-9000012271,23,111.82,2403.03,Two year,Fiber optic,Mailed check,No,No,0
C12273,Customer 12273,customer12273@example.com,+91-9000012272,22,35.97,844.99,Month-to-month,No,Mailed check,No,No,1
C12274,Customer 12274,customer12274@example.com,+91-9000012273,34,63.09,2017.62,Two year,Fiber optic,Credit card,Yes,No,0
C12275,Customer 12275,customer12275@example.com,+91-9000012274,13,75.6,989.99,Two year,DSL,Electronic check,Yes,No,0
C12276,Customer 12276,customer12276@example.com,+91-9000012275,31,68.23,2081.76,Two year,Fiber optic,Credit card,Yes,No,0
C12277,Customer 12277,customer12277@example.com,+91-9000012276,16,35.86,540.18,Month-to-month,Fiber optic,Electronic check,No,No,1
C12278,Customer 12278,customer12278@example.com,+91-9000012277,4,40.35,156.05,Month-to-month,Fiber optic,Credit card,Yes,No,1
C12279,Customer 12279,customer12279@example.com,+91-9000012278,27,108.76,2999.28,Two year,Fiber optic,Bank transfer,No,No,1
C12280,Customer 12280,customer12280@example.com,+91-9000012279,49,73.44,3328.67,Month-to-month,DSL,Mailed check,No,No,0
C12281,Customer 12281,customer12281@example.com,+91-9000012280,55,29.87,1765.34,Month-to-month,Fiber optic,Electronic check,No,No,1
C12282,Customer 12282,customer12282@example.com,+91-9000012281,26,26.65,738.25,Month-to-month,DSL,Electronic check,Yes,No,1
C12283,Customer 12283,customer12283@example.com,+91-9000012282,24,72.35,1620.99,Month-to-month,DSL,Mailed check,Yes,Yes,1
C12284,Customer 12284,customer12284@example.com,+91-9000012283,57,41.44,2501.29,Month-to-month,No,Bank transfer,No,Yes,0
C12285,Customer 12285,customer12285@example.com,+91-9000012284,50,95.51,4644.51,Two year,Fiber optic,Credit card,No,Yes,0
C12286,Customer 12286,customer12286@example.com,+91-9000012285,60,104.53,5837.8,Two year,DSL,Mailed check,No,No,0
C12287,Customer 12287,customer12287@example.com,+91-9000012286,66,47.83,3058.85,Two year,DSL,Bank transfer,No,Yes,0
C12288,Customer 12288,customer12288@example.com,+91-9000012287,60,84.22,5302.94,Month-to-month,No,Bank transfer,No,Yes,0
C12289,Customer 12289,customer12289@example.com,+91-9000012288,68,40.44,2822.88,Month-to-month,DSL,Bank transfer,Yes,No,0
C12290,Customer 12290,customer12290@example.com,+91-9000012289,30,55.36,1591.33,Month-to-month,DSL,Credit card,No,Yes,0
C12291,Customer 12291,customer12291@example.com,+91-9000012290,29,113.88,3418.33,Month-to-month,DSL,Mailed check,Yes,No,1
C12292,Customer 12292,customer12292@example.com,+91-9000012291,24,79.41,1969.21,Month-to-month,DSL,Electronic check,No,No,1
C12293,Customer 12293,customer12293@example.com,+91-9000012292,17,113.59,2006.07,One year,DSL,Credit card,Yes,Yes,0
C12294,Customer 12294,customer12294@example.com,+91-9000012293,54,47.52,2582.77,Two year,No,Electronic check,Yes,Yes,0
C12295,Customer 12295,customer12295@example.com,+91-9000012294,52,58.0,3169.91,Month-to-month,DSL,Bank transfer,Yes,No,0
C12296,Customer 12296,customer12296@example.com,+91-9000012295,58,72.1,4276.38,Month-to-month,Fiber optic,Credit card,No,No,1
C12297,Customer 12297,customer12297@example.com,+91-9000012296,13,73.01,892.24,Month-to-month,Fiber optic,Mailed check,No,No,1
C12298,Customer 12298,customer12298@example.com,+91-9000012297,36,124.76,4714.32,Month-to-month,Fiber optic,Bank transfer,Yes,Yes,1
C12299,Customer 12299,customer12299@example.com,+91-9000012298,16,36.44,566.6,Month-to-month,Fiber optic,Electronic check,Yes,No,0
C12300,Customer 12300,customer12300@example.com,+91-9000012299,65,110.2,7397.99,Month-to-month,Fiber optic,Electronic check,Yes,No,0
C12301,Customer 12301,customer12301@example.com,+91-9000012300,20,111.37,2289.81,Month-to-month,Fiber optic,Electronic check,Yes,No,1
C12302,Customer 12302,customer12302@example.com,+91-9000012301,11,80.32,860.32,Month-to-month,Fiber optic,Electronic check,No,No,1
C12303,Customer 12303,customer12303@example.com,+91-9000012302,42,59.4,2359.75,Two year,Fiber optic,Credit card,Yes,No,0
C12304,Customer 12304,customer12304@example.com,+91-9000012303,64,76.92,5076.44,Month-to-month,Fiber optic,Bank transfer,No,No,1
C12305,Customer 12305,customer12305@example.com,+91-9000012304,66,54.25,3780.45,Month-to-month,Fiber optic,Electronic check,No,No,1
C12306,Customer 12306,customer12306@example.com,+91-9000012305,7,104.91,774.11,Month-to-month,DSL,Credit card,Yes,No,1
C12307,Customer 12307,customer12307@example.com,+91-9000012306,24,74.83,1832.27,Month-to-month,Fiber optic,Electronic check,No,No,1
C12308,Customer 12308,customer12308@example.com,+91-9000012307,12,117.58,1349.42,One year,Fiber optic,Electronic check,No,No,0
C12309,Customer 12309,customer12309@example.com,+91-9000012308,23,87.27,1948.19,Two year,DSL,Mailed check,No,No,0
C12310,Customer 12310,customer12310@example.com,+91-9000012309,39,76.43,3102.21,Two year,No,Electronic check,No,No,1
C12311,Customer 12311,customer12311@example.com,+91-9000012310,21,96.11,1989.52,One year,DSL,Bank transfer,Yes,No,0
C12312,Customer 12312,customer12312@example.com,+91-9000012311,5,75.39,390.97,Month-to-month,DSL,Bank transfer,Yes,Yes,0
C12313,Customer 12313,customer12313@example.com,+91-9000012312,37,115.45,4141.42,Month-to-month,No,Electronic check,No,No,0
C12314,Customer 12314,customer12314@example.com,+91-9000012313,4,43.44,160.03,Month-to-month,DSL,Electronic check,No,Yes,0
C12315,Customer 12315,customer12315@example.com,+91-9000012314,17,122.33,2114.05,Month-to-month,Fiber optic,Electronic check,No,Yes,1
C12316,Customer 12316,customer12316@example.com,+91-9000012315,1,106.22,107.94,Two year,Fiber optic,Electronic check,No,No,0
C12317,Customer 12317,customer12317@example.com,+91-9000012316,7,111.07,793.36,Month-to-month,No,Mailed check,No,Yes,1
C12318,Customer 12318,customer12318@example.com,+91-9000012317,32,73.29,2258.29,Month-to-month,Fiber optic,Bank transfer,Yes,No,0
C12319,Customer 12319,customer12319@example.com,+91-9000012318,62,108.72,7076.13,Month-to-month,Fiber optic,Bank transfer,No,Yes,1
C12320,Customer 12320,customer12320@example.com,+91-9000012319,56,55.68,3111.83,Month-to-month,Fiber optic,Bank transfer,No,Yes,1
C12321,Customer 12321,customer12321@example.com,+91-9000012320,8,101.19,843.51,Two year,Fiber optic,Mailed check,Yes,Yes,0
C12322,Customer 12322,customer12322@example.com,+91-9000012321,3,39.05,119.23,Month-to-month,No,Electronic check,Yes,No,1
C12323,Customer 12323,customer12323@example.com,+91-9000012322,25,55.71,1374.05,Month-to-month,Fiber optic,Credit card,No,No,1
C12324,Customer 12324,customer12324@example.com,+91-9000012323,47,69.57,3363.76,Month-to-month,Fiber optic,Electronic check,No,Yes,0
C12325,Customer 12325,customer12325@example.com,+91-9000012324,54,57.23,3127.49,Two year,No,Mailed check,No,No,1
C12326,Customer 12326,customer12326@example.com,+91-9000012325,60,63.7,3828.55,Month-to-month,Fiber optic,Electronic check,No,No,1
C12327,Customer 12327,customer12327@example.com,+91-9000012326,25,107.01,2738.84,One year,DSL,Electronic check,No,Yes,1
C12328,Customer 12328,customer12328@example.com,+91-9000012327,13,50.67,615.07,Month-to-month,DSL,Bank transfer,No,Yes,1
C12329,Customer 12329,customer12329@example.com,+91-9000012328,2,99.53,212.13,Month-to-month,Fiber optic,Electronic check,No,Yes,1
C12330,Customer 12330,customer12330@example.com,+91-9000012329,11,32.37,346.67,Two year,DSL,Credit card,Yes,Yes,0
C12331,Customer 12331,customer12331@example.com,+91-9000012330,5,101.57,485.48,Month-to-month,Fiber optic,Bank transfer,No,Yes,0
C12332,Customer 12332,customer12332@example.com,+91-9000012331,62,104.2,6741.35,Month-to-month,Fiber optic,Credit card,Yes,No,1
C12333,Customer 12333,customer12333@example.com,+91-9000012332,20,65.17,1247.35,One year,Fiber optic,Electronic check,No,No,0
C12334,Customer 12334,customer12334@example.com,+91-9000012333,60,97.25,6297.85,Month-to-month,DSL,Credit card,No,No,0
C12335,Customer 12335,customer12335@example.com,+91-9000012334,40,116.51,4601.11,Month-to-month,Fiber optic,Electronic check,No,No,1
C12336,Customer 12336,customer12336@example.com,+91-9000012335,39,105.07,3964.39,Two year,Fiber optic,Mailed check,No,No,0
C12337,Customer 12337,customer12337@example.com,+91-9000012336,33,64.04,1965.24,Month-to-month,DSL,Credit card,No,Yes,1
C12338,Customer 12338,customer12338@example.com,+91-9000012337,59,73.42,4014.21,Month-to-month,Fiber optic,Bank transfer,No,Yes,0
C12339,Customer 12339,customer12339@example.com,+91-9000012338,4,102.94,385.09,Month-to-month,Fiber optic,Credit card,No,No,1
C12340,Customer 12340,customer12340@example.com,+91-9000012339,7,54.26,349.74,One year,Fiber optic,Bank transfer,No,Yes,0
C12341,Customer 12341,customer12341@example.com,+91-9000012340,31,105.39,3176.7,Month-to-month,Fiber optic,Bank transfer,Yes,Yes,0
C12342,Customer 12342,customer12342@example.com,+91-9000012341,29,57.81,1625.65,Month-to-month,DSL,Electronic check,No,No,1
C12343,Customer 12343,customer12343@example.com,+91-9000012342,40,105.6,4176.75,One year,No,Credit card,No,Yes,0
C12344,Customer 12344,customer12344@example.com,+91-9000012343,54,33.68,1741.0,One year,Fiber optic,Electronic check,Yes,Yes,0
C12345,Customer 12345,customer12345@example.com,+91-9000012344,43,29.44,1177.35,Two year,DSL,Electronic check,No,No,0
C12346,Customer 12346,customer12346@example.com,+91-9000012345,19,124.77,2207.97,Month-to-month,Fiber optic,Credit card,No,Yes,0
C12347,Customer 12347,customer12347@example.com,+91-9000012346,24,111.95,2550.16,Month-to-month,Fiber optic,Electronic check,Yes,Yes,1
C12348,Customer 12348,customer12348@example.com,+91-9000012347,55,113.28,6047.56,Month-to-month,Fiber optic,Credit card,No,Yes,1
C12349,Customer 12349,customer12349@example.com,+91-9000012348,15,120.13,1700.46,One year,Fiber optic,Electronic check,Yes,No,1
C12350,Customer 12350,customer12350@example.com,+91-9000012349,37,68.83,2491.75,Month-to-month,Fiber optic,Bank transfer,No,No,1
C12351,Customer 12351,customer12351@example.com,+91-9000012350,39,53.68,2234.95,One year,Fiber optic,Credit card,No,No,0
C12352,Customer 12352,customer12352@example.com,+91-9000012351,55,38.0,2010.28,Month-to-month,DSL,Electronic check,Yes,No,0
C12353,Customer 12353,customer12353@example.com,+91-9000012352,52,75.12,3698.99,Two year,DSL,Credit card,No,Yes,0
C12354,Customer 12354,customer12354@example.com,+91-9000012353,34,47.0,1640.13,Two year,No,Bank transfer,Yes,Yes,0
C12355,Customer 12355,customer12355@example.com,+91-9000012354,23,118.56,2722.9,Month-to-month,Fiber optic,Credit card,Yes,No,0
C12356,Customer 12356,customer12356@example.com,+91-9000012355,27,25.4,636.12,Two year,Fiber optic,Electronic check,No,Yes,0
C12357,Customer 12357,customer12357@example.com,+91-9000012356,30,39.32,1233.92,Two year,DSL,Credit card,Yes,Yes,0
C12358,Customer 12358,customer12358@example.com,+91-9000012357,16,49.65,821.77,Month-to-month,Fiber optic,Bank transfer,No,No,0
C12359,Customer 12359,customer12359@example.com,+91-9000012358,46,44.9,2223.13,Month-to-month,DSL,Bank transfer,No,No,0
C12360,Customer 12360,customer12360@example.com,+91-9000012359,16,47.58,814.67,One year,DSL,Electronic check,Yes,No,0
C12361,Customer 12361,customer12361@example.com,+91-9000012360,47,90.6,4315.6,Month-to-month,DSL,Bank transfer,No,No,0
C12362,Customer 12362,customer12362@example.com,+91-9000012361,55,57.75,3270.79,Month-to-month,Fiber optic,Bank transfer,No,No,1
C12363,Customer 12363,customer12363@example.com,+91-9000012362,70,86.5,5967.33,Month-to-month,Fiber optic,Electronic check,No,No,1
C12364,Customer 12364,customer12364@example.com,+91-9000012363,9,114.03,1090.06,Two year,DSL,Bank transfer,No,No,0
C12365,Customer 12365,customer12365@example.com,+91-9000012364,55,85.26,4728.92,Month-to-month,DSL,Bank transfer,No,Yes,0
C12366,Customer 12366,customer12366@example.com,+91-9000012365,7,94.45,642.7,One year,Fiber optic,Bank transfer,Yes,No,0
C12367,Customer 12367,customer12367@example.com,+91-9000012366,25,61.55,1417.99,Month-to-month,Fiber optic,Electronic check,Yes,Yes,1
C12368,Customer 12368,customer12368@example.com,+91-9000012367,13,40.97,539.98,Month-to-month,Fiber optic,Electronic check,No,No,1
C12369,Customer 12369,customer12369@example.com,+91-9000012368,12,57.06,687.51,Two year,DSL,Bank transfer,Yes,No,0
C12370,Customer 12370,customer12370@example.com,+91-9000012369,13,121.43,1657.36,Month-to-month,Fiber optic,Credit card,No,No,1
C12371,Customer 12371,customer12371@example.com,+91-9000012370,4,87.18,331.26,Month-to-month,No,Mailed check,No,Yes,0
C12372,Customer 12372,customer12372@example.com,+91-9000012371,60,52.75,3324.72,Month-to-month,Fiber optic,Bank transfer,No,No,0
C12373,Customer 12373,customer12373@example.com,+91-9000012372,5,70.09,323.27,One year,DSL,Credit card,No,Yes,0
C12374,Customer 12374,customer12374@example.com,+91-9000012373,29,108.55,3191.93,Month-to-month,Fiber optic,Electronic check,No,Yes,1
C12375,Customer 12375,customer12375@example.com,+91-9000012374,51,91.84,4606.54,Month-to-month,DSL,Mailed check,Yes,No,0
C12376,Customer 12376,customer12376@example.com,+91-9000012375,72,81.07,5679.69,Month-to-month,DSL,Electronic check,No,No,1
C12377,Customer 12377,customer12377@example.com,+91-9000012376,62,113.52,6963.12,Month-to-month,DSL,Electronic check,No,No,1
C12378,Customer 12378,customer12378@example.com,+91-9000012377,10,92.24,881.61,Month-to-month,No,Electronic check,Yes,Yes,1
C12379,Customer 12379,customer12379@example.com,+91-9000012378,72,89.27,6101.88,Month-to-month,Fiber optic,Electronic check,No,Yes,0
C12380,Customer 12380,customer12380@example.com,+91-9000012379,48,43.98,2214.09,Month-to-month,No,Credit card,No,No,1
C12381,Customer 12381,customer12381@example.com,+91-9000012380,13,35.64,443.14,Month-to-month,Fiber optic,Electronic check,Yes,Yes,1
C12382,Customer 12382,customer12382@example.com,+91-9000012381,33,121.51,4161.86,One year,Fiber optic,Electronic check,No,No,1
C12383,Customer 12383,customer12383@example.com,+91-9000012382,67,84.89,5879.97,One year,DSL,Electronic check,No,Yes,0
C12384,Customer 12384,customer12384@example.com,+91-9000012383,29,66.57,1786.4,Month-to-month,Fiber optic,Mailed check,Yes,Yes,1
C12385,Customer 12385,customer12385@example.com,+91-9000012384,14,83.9,1246.22,Month-to-month,DSL,Credit card,No,No,0
C12386,Customer 12386,customer12386@example.com,+91-9000012385,64,31.18,2087.91,Month-to-month,Fiber optic,Mailed check,Yes,No,1
C12387,Customer 12387,customer12387@example.com,+91-9000012386,69,107.21,7747.91,Two year,DSL,Credit card,Yes,No,0
C12388,Customer 12388,customer12388@example.com,+91-9000012387,71,46.66,3476.75,Month-to-month,Fiber optic,Mailed check,Yes,Yes,0
C12389,Customer 12389,customer12389@example.com,+91-9000012388,69,105.45,7372.16,Month-to-month,Fiber optic,Bank transfer,No,Yes,1
C12390,Customer 12390,customer12390@example.com,+91-9000012389,63,78.44,5331.82,Month-to-month,DSL,Electronic check,Yes,No,0
C12391,Customer 12391,customer12391@example.com,+91-9000012390,33,52.66,1648.57,Month-to-month,DSL,Electronic check,Yes,No,1
C12392,Customer 12392,customer12392@example.com,+91-9000012391,14,28.02,365.44,Month-to-month,No,Electronic check,No,Yes,1
C12393,Customer 12393,customer12393@example.com,+91-9000012392,45,106.58,4952.77,Month-to-month,DSL,Credit card,No,Yes,0
C12394,Customer 12394,customer12394@example.com,+91-9000012393,16,42.65,659.9,One year,DSL,Electronic check,Yes,No,0
C12395,Customer 12395,customer12395@example.com,+91-9000012394,35,30.18,1074.59,One year,DSL,Electronic check,Yes,No,0
C12396,Customer 12396,customer12396@example.com,+91-9000012395,48,100.59,4744.66,One year,Fiber optic,Credit card,No,Yes,0
C12397,Customer 12397,customer12397@example.com,+91-9000012396,69,60.0,4029.73,One year,Fiber optic,Electronic check,No,Yes,0
C12398,Customer 12398,customer12398@example.com,+91-9000012397,21,63.93,1427.0,Month-to-month,DSL,Electronic check,No,Yes,1
C12399,Customer 12399,customer12399@example.com,+91-9000012398,19,49.71,890.4,Two year,Fiber optic,Electronic check,Yes,Yes,0
C12400,Customer 12400,customer12400@example.com,+91-9000012399,53,110.92,5586.22,One year,Fiber optic,Credit card,No,Yes,0
C12401,Customer 12401,customer12401@example.com,+91-9000012400,1,54.73,56.2,Two year,DSL,Electronic check,No,Yes,0
C12402,Customer 12402,customer12402@example.com,+91-9000012401,41,46.02,1972.13,One year,No,Electronic check,Yes,Yes,0
C12403,Customer 12403,customer12403@example.com,+91-9000012402,54,55.92,3180.19,Month-to-month,No,Electronic check,Yes,Yes,1
C12404,Customer 12404,customer12404@example.com,+91-9000012403,40,45.31,1734.44,Month-to-month,DSL,Credit card,No,No,0
C12405,Customer 12405,customer12405@example.com,+91-9000012404,28,56.77,1686.74,Month-to-month,DSL,Electronic check,Yes,No,1
C12406,Customer 12406,customer12406@example.com,+91-9000012405,60,33.29,2032.41,Month-to-month,DSL,Electronic check,Yes,No,1
C12407,Customer 12407,customer12407@example.com,+91-9000012406,27,40.85,1159.99,Month-to-month,DSL,Mailed check,No,Yes,0
C12408,Customer 12408,customer12408@example.com,+91-9000012407,52,66.71,3229.44,Month-to-month,Fiber optic,Credit card,No,No,0
C12409,Customer 12409,customer12409@example.com,+91-9000012408,34,112.95,3752.37,Month-to-month,Fiber optic,Electronic check,No,No,1
C12410,Customer 12410,customer12410@example.com,+91-9000012409,2,30.73,61.7,Two year,Fiber optic,Electronic check,Yes,No,0
C12411,Customer 12411,customer12411@example.com,+91-9000012410,39,46.27,1826.75,One year,DSL,Electronic check,No,Yes,0
C12412,Customer 12412,customer12412@example.com,+91-9000012411,4,115.83,433.6,One year,DSL,Credit card,No,Yes,0
C12413,Customer 12413,customer12413@example.com,+91-9000012412,68,114.0,7799.95,Month-to-month,No,Electronic check,No,No,1
C12414,Customer 12414,customer12414@example.com,+91-9000012413,44,92.95,4198.09,One year,No,Mailed check,No,Yes,1
C12415,Customer 12415,customer12415@example.com,+91-9000012414,27,49.05,1295.02,Two year,DSL,Credit card,No,Yes,0
C12416,Customer 12416,customer12416@example.com,+91-9000012415,36,66.98,2411.57,One year,Fiber optic,Bank transfer,Yes,Yes,0
C12417,Customer 12417,customer12417@example.com,+91-9000012416,45,46.12,2006.52,One year,Fiber optic,Electronic check,No,No,1
C12418,Customer 12418,customer12418@example.com,+91-9000012417,19,37.86,761.98,Month-to-month,Fiber optic,Mailed check,No,No,1
C12419,Customer 12419,customer12419@example.com,+91-9000012418,21,63.0,1344.0,Month-to-month,Fiber optic,Credit card,No,Yes,1
C12420,Customer 12420,customer12420@example.com,+91-9000012419,31,82.58,2580.98,One year,No,Credit card,No,No,0
C12421,Customer 12421,customer12421@example.com,+91-9000012420,19,60.99,1241.2,Two year,DSL,Electronic check,No,No,0
C12422,Customer 12422,customer12422@example.com,+91-9000012421,55,86.08,4859.34,Month-to-month,DSL,Credit card,No,Yes,0
C12423,Customer 12423,customer12423@example.com,+91-9000012422,8,54.63,421.64,Month-to-month,No,Credit card,Yes,No,0
C12424,Customer 12424,customer12424@example.com,+91-9000012423,60,59.59,3656.49,Month-to-month,DSL,Mailed check,Yes,Yes,1
C12425,Customer 12425,customer12425@example.com,+91-9000012424,26,104.07,2905.67,Month-to-month,DSL,Bank transfer,No,No,1
C12426,Customer 12426,customer12426@example.com,+91-9000012425,41,112.83,4273.38,Two year,Fiber optic,Bank transfer,No,No,1
C12427,Customer 12427,customer12427@example.com,+91-9000012426,12,57.2,700.3,One year,Fiber optic,Bank transfer,No,No,1
C12428,Customer 12428,customer12428@example.com,+91-9000012427,28,82.15,2173.9,Month-to-month,Fiber optic,Credit card,Yes,No,1
C12429,Customer 12429,customer12429@example.com,+91-9000012428,55,52.82,3052.2,Month-to-month,Fiber optic,Mailed check,No,Yes,1
C12430,Customer 12430,customer12430@example.com,+91-9000012429,20,30.33,620.25,Month-to-month,Fiber optic,Bank transfer,Yes,No,1
C12431,Customer 12431,customer12431@example.com,+91-9000012430,10,98.79,1056.97,Month-to-month,DSL,Electronic check,Yes,No,1
C12432,Customer 12432,customer12432@example.com,+91-9000012431,38,42.1,1643.21,Month-to-month,Fiber optic,Electronic check,Yes,No,0
C12433,Customer 12433,customer12433@example.com,+91-9000012432,12,67.57,748.21,Two year,Fiber optic,Bank transfer,Yes,No,0
C12434,Customer 12434,customer12434@example.com,+91-9000012433,23,73.7,1697.91,One year,No,Credit card,No,Yes,0
C12435,Customer 12435,customer12435@example.com,+91-9000012434,33,43.45,1526.46,Month-to-month,DSL,Electronic check,Yes,Yes,0
C12436,Customer 12436,customer12436@example.com,+91-9000012435,41,34.46,1352.35,One year,DSL,Bank transfer,Yes,Yes,0
C12437,Customer 12437,customer12437@example.com,+91-9000012436,47,59.8,2623.03,One year,Fiber optic,Mailed check,No,No,1
C12438,Customer 12438,customer12438@example.com,+91-9000012437,49,120.23,6098.54,Month-to-month,DSL,Bank transfer,Yes,No,1
C12439,Customer 12439,customer12439@example.com,+91-9000012438,61,86.51,5279.23,One year,DSL,Electronic check,No,No,0
C12440,Customer 12440,customer12440@example.com,+91-9000012439,5,63.14,292.85,One year,Fiber optic,Electronic check,Yes,Yes,0
C12441,Customer 12441,customer12441@example.com,+91-9000012440,27,28.89,752.56,Two year,Fiber optic,Bank transfer,Yes,Yes,0
C12442,Customer 12442,customer12442@example.com,+91-9000012441,1,85.03,82.67,Month-to-month,DSL,Electronic check,No,Yes,1
C12443,Customer 12443,customer12443@example.com,+91-9000012442,1,34.23,35.15,Month-to-month,DSL,Credit card,Yes,No,1
C12444,Customer 12444,customer12444@example.com,+91-9000012443,16,79.25,1262.24,Month-to-month,DSL,Bank transfer,Yes,No,0
C12445,Customer 12445,customer12445@example.com,+91-9000012444,44,100.2,4399.76,Month-to-month,Fiber optic,Bank transfer,Yes,No,1
C12446,Customer 12446,customer12446@example.com,+91-9000012445,65,67.36,4593.19,Month-to-month,Fiber optic,Bank transfer,Yes,No,1
C12447,Customer 12447,customer12447@example.com,+91-9000012446,56,54.94,2967.56,One year,DSL,Electronic check,Yes,No,0
C12448,Customer 12448,customer12448@example.com,+91-9000012447,47,29.74,1436.37,Month-to-month,Fiber optic,Electronic check,Yes,Yes,0
C12449,Customer 12449,customer12449@example.com,+91-9000012448,57,27.48,1533.17,Month-to-month,DSL,Electronic check,Yes,Yes,0
C12450,Customer 12450,customer12450@example.com,+91-9000012449,13,68.0,872.45,Two year,DSL,Electronic check,Yes,Yes,0
C12451,Customer 12451,customer12451@example.com,+91-9000012450,61,113.33,6974.96,Month-to-month,DSL,Credit card,No,Yes,0
C12452,Customer 12452,customer12452@example.com,+91-9000012451,65,49.41,3312.19,Month-to-month,Fiber optic,Electronic check,Yes,No,0
C12453,Customer 12453,customer12453@example.com,+91-9000012452,7,82.41,617.96,One year,DSL,Credit card,Yes,Yes,0
C12454,Customer 12454,customer12454@example.com,+91-9000012453,34,93.43,3059.22,Month-to-month,DSL,Electronic check,No,No,1
C12455,Customer 12455,customer12455@example.com,+91-9000012454,60,31.08,1746.57,Month-to-month,Fiber optic,Electronic check,Yes,No,1
C12456,Customer 12456,customer12456@example.com,+91-9000012455,35,40.31,1394.78,One year,Fiber optic,Electronic check,No,No,1
C12457,Customer 12457,customer12457@example.com,+91-9000012456,61,58.13,3572.43,Month-to-month,DSL,Bank transfer,Yes,No,0
C12458,Customer 12458,customer12458@example.com,+91-9000012457,68,92.01,5984.39,Month-to-month,DSL,Bank transfer,No,Yes,0
C12459,Customer 12459,customer12459@example.com,+91-9000012458,35,68.9,2562.17,Month-to-month,DSL,Credit card,No,No,0
C12460,Customer 12460,customer12460@example.com,+91-9000012459,5,98.42,515.63,Two year,Fiber optic,Electronic check,Yes,Yes,1
C12461,Customer 12461,customer12461@example.com,+91-9000012460,25,111.76,2791.17,Month-to-month,Fiber optic,Bank transfer,Yes,No,1
C12462,Customer 12462,customer12462@example.com,+91-9000012461,16,100.84,1600.55,One year,DSL,Credit card,No,No,0
C12463,Customer 12463,customer12463@example.com,+91-9000012462,35,124.22,4028.22,Month-to-month,Fiber optic,Electronic check,No,Yes,1
C12464,Customer 12464,customer12464@example.com,+91-9000012463,43,100.44,4344.41,One year,Fiber optic,Electronic check,No,Yes,0
C12465,Customer 12465,customer12465@example.com,+91-9000012464,34,110.22,3804.89,Month-to-month,DSL,Electronic check,No,No,1
C12466,Customer 12466,customer12466@example.com,+91-9000012465,15,108.24,1725.34,Month-to-month,DSL,Electronic check,Yes,No,1
C12467,Customer 12467,customer12467@example.com,+91-9000012466,22,98.03,2157.04,Month-to-month,DSL,Mailed check,No,No,1
C12468,Customer 12468,customer12468@example.com,+91-9000012467,49,105.18,4871.29,One year,DSL,Electronic check,Yes,No,0
C12469,Customer 12469,customer12469@example.com,+91-9000012468,2,118.47,224.81,Month-to-month,Fiber optic,Bank transfer,No,No,1
C12470,Customer 12470,customer12470@example.com,+91-9000012469,16,72.52,1097.17,Month-to-month,DSL,Credit card,Yes,No,1
C12471,Customer 12471,customer12471@example.com,+91-9000012470,65,88.83,6179.08,Month-to-month,Fiber optic,Electronic check,No,Yes,1
C12472,Customer 12472,customer12472@example.com,+91-9000012471,8,76.49,640.64,Month-to-month,Fiber optic,Bank transfer,Yes,No,1
C12473,Customer 12473,customer12473@example.com,+91-9000012472,30,110.1,3474.63,One year,Fiber optic,Electronic check,No,No,1
C12474,Customer 12474,customer12474@example.com,+91-9000012473,15,68.14,1077.77,Month-to-month,Fiber optic,Bank transfer,No,No,1
C12475,Customer 12475,customer12475@example.com,+91-9000012474,8,106.97,800.39,Month-to-month,Fiber optic,Electronic check,No,No,1
C12476,Customer 12476,customer12476@example.com,+91-9000012475,31,104.94,3358.37,Month-to-month,No,Electronic check,No,No,1
C12477,Customer 12477,customer12477@example.com,+91-9000012476,38,121.19,4755.78,Month-to-month,No,Electronic check,No,No,1
C12478,Customer 12478,customer12478@example.com,+91-9000012477,13,49.89,620.01,Month-to-month,Fiber optic,Credit card,No,No,1
C12479,Customer 12479,customer12479@example.com,+91-9000012478,6,95.96,574.9,Month-to-month,DSL,Credit card,Yes,Yes,1
C12480,Customer 12480,customer12480@example.com,+91-9000012479,10,100.69,1033.07,Month-to-month,Fiber optic,Credit card,No,No,1
C12481,Customer 12481,customer12481@example.com,+91-9000012480,47,118.63,5930.07,Two year,DSL,Electronic check,No,Yes,1
C12482,Customer 12482,customer12482@example.com,+91-9000012481,62,115.69,6725.69,Month-to-month,Fiber optic,Mailed check,No,No,0
C12483,Customer 12483,customer12483@example.com,+91-9000012482,13,82.35,1137.73,Two year,Fiber optic,Electronic check,No,Yes,0
C12484,Customer 12484,customer12484@example.com,+91-9000012483,24,82.92,2124.58,Month-to-month,Fiber optic,Credit card,No,No,1
C12485,Customer 12485,customer12485@example.com,+91-9000012484,25,41.73,1113.96,Month-to-month,Fiber optic,Credit card,No,No,1
C12486,Customer 12486,customer12486@example.com,+91-9000012485,26,122.5,2932.66,Month-to-month,DSL,Bank transfer,No,Yes,0
C12487,Customer 12487,customer12487@example.com,+91-9000012486,18,50.5,868.42,Month-to-month,Fiber optic,Bank transfer,No,No,1
C12488,Customer 12488,customer12488@example.com,+91-9000012487,4,97.47,401.81,One year,DSL,Credit card,No,No,1
C12489,Customer 12489,customer12489@example.com,+91-9000012488,38,104.58,3860.69,Two year,Fiber optic,Credit card,No,Yes,0
C12490,Customer 12490,customer12490@example.com,+91-9000012489,26,69.12,1670.91,One year,Fiber optic,Electronic check,No,No,1
C12491,Customer 12491,customer12491@example.com,+91-9000012490,25,46.12,1201.51,One year,DSL,Credit card,No,No,0
C12492,Customer 12492,customer12492@example.com,+91-9000012491,20,43.9,811.78,Month-to-month,Fiber optic,Electronic check,No,No,1
C12493,Customer 12493,customer12493@example.com,+91-9000012492,67,110.65,7349.52,Month-to-month,DSL,Bank transfer,No,No,1
C12494,Customer 12494,customer12494@example.com,+91-9000012493,44,76.08,3587.24,One year,Fiber optic,Bank transfer,No,Yes,0
C12495,Customer 12495,customer12495@example.com,+91-9000012494,31,34.01,1044.23,Month-to-month,Fiber optic,Credit card,No,Yes,1
C12496,Customer 12496,customer12496@example.com,+91-9000012495,15,96.7,1546.09,Month-to-month,Fiber optic,Bank transfer,No,Yes,1
C12497,Customer 12497,customer12497@example.com,+91-9000012496,58,50.02,2858.92,Two year,Fiber optic,Electronic check,No,No,0
C12498,Customer 12498,customer12498@example.com,+91-9000012497,64,112.64,7032.12,Two year,No,Bank transfer,No,Yes,0
C12499,Customer 12499,customer12499@example.com,+91-9000012498,3,55.96,157.33,One year,Fiber optic,Electronic check,Yes,Yes,1
C12500,Customer 12500,customer12500@example.com,+91-9000012499,67,45.03,2948.51,Month-to-month,Fiber optic,Bank transfer,No,No,1
